offset_addr_uint13_t;data_uint16_t
0;64638
1;18138
2;2282
3;64153
4;34441
5;25701
6;21494
7;6802
8;60035
9;268
10;29590
11;37153
12;5375
13;37429
14;15696
15;11755
16;26763
17;46350
18;16323
19;7345
20;35011
21;54631
22;34985
23;20140
24;6346
25;12224
26;38467
27;22903
28;26927
29;42741
30;21486
31;63003
32;37145
33;65487
34;30664
35;10267
36;7292
37;13298
38;31407
39;32568
40;49557
41;3464
42;210
43;32104
44;54233
45;2408
46;27148
47;27444
48;32115
49;28606
50;11800
51;59927
52;30523
53;59428
54;64832
55;12394
56;33255
57;43428
58;51758
59;21342
60;21703
61;12119
62;48054
63;25281
64;64791
65;6520
66;37441
67;7263
68;48798
69;20507
70;50850
71;35519
72;55397
73;39875
74;57013
75;57915
76;2161
77;34294
78;41437
79;36201
80;17571
81;61745
82;35494
83;34315
84;57287
85;56276
86;6533
87;46757
88;41498
89;9762
90;34584
91;47984
92;50815
93;52983
94;52706
95;60403
96;64419
97;13295
98;61968
99;11761
100;17163
101;53743
102;36765
103;8307
104;30658
105;11798
106;54612
107;17009
108;40648
109;17489
110;42605
111;62150
112;33956
113;29116
114;36283
115;35861
116;38042
117;62390
118;7193
119;23271
120;9091
121;41916
122;5197
123;14496
124;13615
125;9882
126;59311
127;1248
128;64555
129;41879
130;1268
131;46609
132;41291
133;25162
134;16545
135;64074
136;47541
137;19072
138;33494
139;33054
140;55665
141;27872
142;8304
143;35355
144;59779
145;24875
146;1130
147;35258
148;7202
149;25738
150;2854
151;31518
152;30037
153;21598
154;16206
155;49868
156;36981
157;36679
158;43402
159;43223
160;12006
161;59817
162;1205
163;16817
164;28593
165;57291
166;26616
167;49711
168;33736
169;53344
170;57767
171;46215
172;55036
173;57288
174;2092
175;9042
176;59857
177;3110
178;39269
179;64840
180;46388
181;6430
182;48768
183;6921
184;20757
185;5258
186;6488
187;51587
188;63121
189;60658
190;35169
191;18465
192;54365
193;42837
194;32026
195;14012
196;14437
197;25711
198;37461
199;50763
200;3045
201;30099
202;43209
203;12276
204;50490
205;52797
206;39821
207;57247
208;42042
209;28483
210;42110
211;47444
212;619
213;51700
214;53481
215;50110
216;48187
217;2329
218;10201
219;42002
220;21738
221;56936
222;23318
223;62022
224;21660
225;9350
226;49801
227;36677
228;61778
229;51513
230;31424
231;44485
232;57337
233;56471
234;4050
235;60789
236;64931
237;60220
238;14852
239;54661
240;1562
241;24286
242;63319
243;14093
244;18748
245;56703
246;36977
247;64142
248;914
249;7491
250;58075
251;9638
252;52115
253;52357
254;5997
255;7031
256;28357
257;14867
258;2207
259;52841
260;15084
261;13440
262;50740
263;41580
264;50564
265;59718
266;65351
267;23688
268;61778
269;2633
270;35057
271;31070
272;51535
273;60778
274;62808
275;62878
276;2503
277;51398
278;36368
279;61879
280;60945
281;46154
282;48255
283;42511
284;62703
285;53835
286;62159
287;28072
288;33720
289;58101
290;57187
291;8999
292;52508
293;60353
294;47970
295;10166
296;53221
297;57300
298;22571
299;4947
300;45700
301;64932
302;18176
303;64077
304;6812
305;14085
306;45817
307;53063
308;18942
309;55929
310;32314
311;4755
312;23564
313;51675
314;54894
315;21984
316;19336
317;39621
318;12007
319;3150
320;26373
321;23229
322;44927
323;4612
324;57165
325;27342
326;64981
327;33177
328;61622
329;59193
330;8244
331;31761
332;20116
333;19545
334;21146
335;9557
336;17903
337;7886
338;55212
339;51056
340;6153
341;46338
342;17663
343;47821
344;20873
345;46341
346;29040
347;49392
348;44870
349;5801
350;27458
351;51866
352;61462
353;11335
354;63265
355;6588
356;27186
357;52721
358;55082
359;7089
360;33267
361;49250
362;31769
363;19613
364;34231
365;44515
366;53613
367;53497
368;59393
369;36234
370;46295
371;39605
372;18057
373;57822
374;62800
375;63865
376;34508
377;31173
378;52967
379;42655
380;28594
381;64348
382;4983
383;11096
384;48522
385;48722
386;64051
387;5802
388;54710
389;44217
390;25023
391;37862
392;877
393;17450
394;33966
395;55894
396;43500
397;23443
398;30340
399;29039
400;65383
401;15081
402;41906
403;43436
404;59642
405;20489
406;24800
407;59680
408;18371
409;4507
410;52635
411;5715
412;63273
413;45853
414;48847
415;34874
416;727
417;57932
418;22743
419;57111
420;64513
421;14140
422;46553
423;1030
424;11883
425;18384
426;43607
427;4936
428;2762
429;28434
430;56453
431;30437
432;59023
433;36665
434;49180
435;18833
436;64279
437;40505
438;45953
439;20238
440;51210
441;2645
442;17077
443;31760
444;30563
445;14957
446;64801
447;19656
448;19553
449;42100
450;2865
451;25252
452;9883
453;5771
454;49812
455;52844
456;32331
457;658
458;4737
459;45902
460;63069
461;18102
462;22972
463;42331
464;26086
465;36262
466;1351
467;40245
468;15528
469;3155
470;7428
471;57930
472;21742
473;21254
474;5610
475;15420
476;63830
477;40661
478;5566
479;63755
480;17522
481;55212
482;18439
483;28549
484;15115
485;18990
486;42327
487;52815
488;5429
489;37437
490;40491
491;18475
492;28833
493;37723
494;17389
495;57229
496;36875
497;64660
498;16094
499;17675
500;41169
501;34384
502;60468
503;51433
504;2
505;7500
506;53477
507;33052
508;6025
509;8900
510;61546
511;47305
512;40982
513;64132
514;61558
515;29080
516;61129
517;29948
518;2958
519;26328
520;7822
521;48547
522;43524
523;33395
524;24444
525;34118
526;16810
527;45181
528;50349
529;54502
530;44325
531;31080
532;62597
533;21651
534;1790
535;60907
536;54701
537;62896
538;60980
539;9016
540;57028
541;56210
542;17662
543;48206
544;15591
545;61419
546;24939
547;42507
548;56262
549;40861
550;24433
551;56680
552;42712
553;58911
554;54420
555;6257
556;60104
557;62583
558;4904
559;25828
560;58139
561;17764
562;14830
563;29275
564;47436
565;17627
566;40726
567;37767
568;34744
569;29016
570;13766
571;59638
572;22256
573;38293
574;37586
575;25751
576;50485
577;53618
578;49
579;35327
580;29303
581;13340
582;24473
583;33129
584;45782
585;17562
586;16964
587;55564
588;6315
589;64665
590;55714
591;2431
592;35668
593;51521
594;9012
595;37452
596;44360
597;17832
598;12186
599;13365
600;672
601;3485
602;30240
603;59172
604;12039
605;59187
606;27176
607;52737
608;15680
609;65217
610;50675
611;17939
612;52944
613;4194
614;988
615;40612
616;31452
617;34514
618;64349
619;33806
620;40881
621;44076
622;39499
623;45601
624;10987
625;23893
626;25071
627;58527
628;26819
629;4004
630;30236
631;46444
632;55601
633;12128
634;27748
635;22793
636;44452
637;36528
638;64049
639;17367
640;15436
641;4616
642;51405
643;7600
644;35215
645;58736
646;23393
647;30949
648;47993
649;42463
650;41960
651;41229
652;62518
653;14720
654;38993
655;9295
656;17338
657;32355
658;22029
659;24915
660;30343
661;54964
662;5071
663;39422
664;2347
665;58610
666;64302
667;3241
668;62070
669;53804
670;6459
671;20438
672;26489
673;18935
674;55424
675;38753
676;20021
677;5849
678;5620
679;63347
680;43962
681;11358
682;40431
683;33506
684;61496
685;42462
686;63096
687;19035
688;52220
689;33894
690;56441
691;61485
692;12722
693;38444
694;19047
695;50260
696;39446
697;61155
698;56937
699;13590
700;9650
701;2774
702;32364
703;54494
704;15431
705;45151
706;28831
707;36477
708;8046
709;9379
710;49091
711;58923
712;11212
713;9346
714;38250
715;8186
716;470
717;8509
718;21706
719;5755
720;65039
721;26497
722;31165
723;56354
724;27822
725;36172
726;54250
727;32698
728;5545
729;45820
730;23846
731;13030
732;45308
733;54709
734;18553
735;38460
736;39424
737;7771
738;14695
739;9338
740;273
741;126
742;45148
743;23938
744;14051
745;2173
746;44070
747;38325
748;3522
749;2874
750;8798
751;34439
752;15098
753;16372
754;33700
755;65213
756;26858
757;21609
758;64433
759;34553
760;2208
761;20356
762;13307
763;64706
764;18110
765;48223
766;41464
767;30680
768;2994
769;59087
770;57680
771;1634
772;14342
773;55343
774;40559
775;56794
776;25363
777;16445
778;50635
779;36922
780;30688
781;20500
782;45248
783;57101
784;23236
785;18600
786;10373
787;34745
788;62609
789;23712
790;59425
791;38354
792;37285
793;52059
794;51962
795;23413
796;47881
797;20990
798;38309
799;35314
800;2026
801;20783
802;1248
803;12676
804;36432
805;9268
806;9442
807;20313
808;31911
809;2237
810;15199
811;32474
812;31678
813;37815
814;46476
815;51871
816;11025
817;46816
818;60506
819;36457
820;57564
821;39395
822;27215
823;31708
824;29291
825;7171
826;39811
827;46119
828;47426
829;25856
830;25798
831;12035
832;25689
833;43789
834;29059
835;41342
836;14632
837;5980
838;54611
839;45965
840;15122
841;11077
842;147
843;11757
844;8320
845;23996
846;34142
847;43480
848;10930
849;18567
850;20007
851;40871
852;26311
853;50526
854;28745
855;41121
856;27725
857;18269
858;25339
859;14513
860;41862
861;23186
862;37761
863;1417
864;29804
865;35897
866;58998
867;7840
868;35725
869;53428
870;32512
871;26317
872;20621
873;47706
874;28754
875;11663
876;3438
877;21200
878;64847
879;38495
880;3663
881;55994
882;65299
883;20184
884;28347
885;64072
886;19048
887;10862
888;6955
889;27918
890;57265
891;48197
892;55253
893;10552
894;26906
895;58773
896;60703
897;32296
898;16508
899;54891
900;35522
901;11877
902;21455
903;58411
904;36965
905;32349
906;54335
907;17644
908;43699
909;30576
910;27841
911;29398
912;37810
913;10836
914;360
915;64360
916;26561
917;40999
918;41230
919;62871
920;4756
921;5569
922;22378
923;3671
924;52722
925;49206
926;6646
927;13243
928;9994
929;25409
930;34608
931;57817
932;55790
933;16590
934;55369
935;53899
936;33192
937;19227
938;28152
939;1660
940;11698
941;65506
942;35411
943;23548
944;40356
945;26514
946;6128
947;7569
948;13238
949;28579
950;39877
951;28826
952;42818
953;11700
954;25292
955;24131
956;45454
957;48857
958;53537
959;60898
960;65205
961;35091
962;38912
963;20115
964;16504
965;37379
966;35351
967;17958
968;51129
969;42798
970;24304
971;4824
972;35324
973;26605
974;7880
975;41880
976;52712
977;25567
978;8440
979;23845
980;23743
981;30423
982;18559
983;20306
984;50480
985;46078
986;1293
987;52759
988;5561
989;16990
990;52486
991;45020
992;64146
993;7242
994;47738
995;13847
996;6563
997;37497
998;40343
999;57521
1000;38653
1001;30996
1002;26955
1003;43186
1004;12901
1005;14010
1006;41856
1007;35863
1008;804
1009;33928
1010;31799
1011;20479
1012;59294
1013;241
1014;2405
1015;10731
1016;60070
1017;2299
1018;24374
1019;30327
1020;2433
1021;51382
1022;19755
1023;65501
1024;10805
1025;25661
1026;63107
1027;3011
1028;46103
1029;58066
1030;32904
1031;8920
1032;644
1033;13350
1034;37834
1035;7755
1036;13296
1037;509
1038;59934
1039;293
1040;20900
1041;45829
1042;33279
1043;29585
1044;58272
1045;3128
1046;24999
1047;39978
1048;40182
1049;50263
1050;43836
1051;64792
1052;7007
1053;56688
1054;63322
1055;6403
1056;63088
1057;45027
1058;55286
1059;45196
1060;20157
1061;1658
1062;20024
1063;65197
1064;31726
1065;41410
1066;26264
1067;24998
1068;56692
1069;18348
1070;36394
1071;2508
1072;50794
1073;34055
1074;25331
1075;39839
1076;15263
1077;21399
1078;49636
1079;49403
1080;18156
1081;48101
1082;2429
1083;3730
1084;32046
1085;589
1086;64567
1087;65498
1088;38484
1089;36897
1090;61236
1091;48064
1092;41491
1093;16453
1094;18702
1095;42625
1096;51502
1097;26012
1098;51427
1099;7810
1100;39650
1101;54978
1102;2206
1103;36687
1104;53855
1105;40144
1106;47153
1107;14057
1108;51936
1109;20684
1110;2541
1111;40725
1112;1543
1113;25612
1114;36891
1115;3141
1116;12873
1117;52679
1118;58580
1119;14203
1120;12606
1121;40641
1122;22542
1123;12591
1124;513
1125;8446
1126;19650
1127;64377
1128;34648
1129;24409
1130;37858
1131;1200
1132;39600
1133;16533
1134;25672
1135;51993
1136;28744
1137;62467
1138;46938
1139;30190
1140;31846
1141;30350
1142;2706
1143;25444
1144;54882
1145;11575
1146;10652
1147;51319
1148;60527
1149;58640
1150;53963
1151;56186
1152;13556
1153;36358
1154;29141
1155;20188
1156;19455
1157;24406
1158;14262
1159;59365
1160;56264
1161;44323
1162;620
1163;15077
1164;1642
1165;19420
1166;4701
1167;13375
1168;8208
1169;48188
1170;39077
1171;52058
1172;45296
1173;34911
1174;41711
1175;65082
1176;8131
1177;1302
1178;55521
1179;12447
1180;5845
1181;26757
1182;7176
1183;16950
1184;29493
1185;43157
1186;31589
1187;23018
1188;23914
1189;48598
1190;42265
1191;21044
1192;6689
1193;44834
1194;33205
1195;50746
1196;32179
1197;6114
1198;47335
1199;38024
1200;8310
1201;17085
1202;48003
1203;17465
1204;7073
1205;36107
1206;6181
1207;13622
1208;52736
1209;55771
1210;56080
1211;42347
1212;59995
1213;47945
1214;33813
1215;15317
1216;11078
1217;38632
1218;41326
1219;44574
1220;43845
1221;7200
1222;30328
1223;55247
1224;29935
1225;30379
1226;46418
1227;63030
1228;6212
1229;25466
1230;33002
1231;46176
1232;59849
1233;11088
1234;46109
1235;34238
1236;4172
1237;38896
1238;60998
1239;2277
1240;21514
1241;4283
1242;56105
1243;49026
1244;46240
1245;13956
1246;17968
1247;34006
1248;35929
1249;14108
1250;64691
1251;53160
1252;31132
1253;56926
1254;40469
1255;33144
1256;35561
1257;30236
1258;22051
1259;45558
1260;21567
1261;41627
1262;10411
1263;9849
1264;55436
1265;62619
1266;47644
1267;29603
1268;6383
1269;18606
1270;45416
1271;13503
1272;17022
1273;53279
1274;7877
1275;35432
1276;51707
1277;29134
1278;18921
1279;41133
1280;23187
1281;18122
1282;53164
1283;34857
1284;62293
1285;45538
1286;19503
1287;30097
1288;29470
1289;29287
1290;53724
1291;52973
1292;572
1293;64694
1294;19876
1295;37418
1296;12798
1297;14254
1298;12167
1299;9953
1300;48428
1301;38992
1302;44462
1303;65408
1304;47316
1305;20998
1306;64109
1307;32275
1308;47700
1309;21202
1310;62650
1311;62291
1312;4209
1313;28109
1314;31981
1315;4401
1316;31009
1317;28564
1318;65438
1319;21801
1320;48877
1321;45602
1322;56634
1323;52636
1324;9130
1325;27130
1326;1712
1327;58410
1328;48788
1329;61633
1330;31814
1331;17444
1332;64606
1333;38793
1334;22864
1335;50894
1336;43707
1337;28932
1338;7315
1339;59380
1340;42308
1341;57951
1342;19982
1343;64891
1344;30074
1345;18045
1346;28809
1347;42384
1348;57292
1349;19845
1350;19830
1351;39432
1352;36711
1353;25932
1354;52504
1355;45628
1356;31076
1357;16161
1358;18688
1359;52657
1360;60926
1361;4396
1362;7403
1363;55784
1364;3746
1365;55794
1366;61968
1367;42707
1368;31583
1369;57434
1370;34381
1371;35079
1372;51706
1373;59183
1374;4236
1375;26302
1376;3117
1377;19333
1378;26144
1379;25185
1380;39263
1381;576
1382;43096
1383;36567
1384;17245
1385;49120
1386;61247
1387;46788
1388;26594
1389;29887
1390;63289
1391;54553
1392;58190
1393;51366
1394;8998
1395;53930
1396;49443
1397;33329
1398;18968
1399;40676
1400;44244
1401;26928
1402;48193
1403;64109
1404;62066
1405;11318
1406;1893
1407;44142
1408;23569
1409;31558
1410;27101
1411;18238
1412;21021
1413;45073
1414;31102
1415;60677
1416;46916
1417;12784
1418;41188
1419;15926
1420;24225
1421;40787
1422;40665
1423;10184
1424;16706
1425;34015
1426;62251
1427;58509
1428;53676
1429;1526
1430;14576
1431;55907
1432;38037
1433;47488
1434;30322
1435;33857
1436;33144
1437;23087
1438;42039
1439;29190
1440;12519
1441;17260
1442;16672
1443;33431
1444;31036
1445;63701
1446;65199
1447;5092
1448;43695
1449;11532
1450;9653
1451;26165
1452;30674
1453;30487
1454;24160
1455;44023
1456;41419
1457;25391
1458;28357
1459;7534
1460;43293
1461;59841
1462;44133
1463;5795
1464;35011
1465;23161
1466;61887
1467;51798
1468;8979
1469;32759
1470;18883
1471;25016
1472;9607
1473;9318
1474;23818
1475;23320
1476;19708
1477;20448
1478;12446
1479;26783
1480;61374
1481;52647
1482;65030
1483;5878
1484;46121
1485;19261
1486;21536
1487;53344
1488;20030
1489;14981
1490;59678
1491;62282
1492;40578
1493;6840
1494;3319
1495;57208
1496;21509
1497;13948
1498;29594
1499;39723
1500;948
1501;29001
1502;43216
1503;51337
1504;62046
1505;35690
1506;37458
1507;11943
1508;8622
1509;14231
1510;33610
1511;46859
1512;19632
1513;56373
1514;50445
1515;40969
1516;48591
1517;27569
1518;39511
1519;10819
1520;48551
1521;33330
1522;9580
1523;40781
1524;757
1525;10662
1526;41505
1527;12144
1528;29187
1529;20422
1530;10000
1531;25533
1532;47271
1533;39320
1534;21348
1535;31743
1536;6548
1537;28091
1538;3953
1539;54923
1540;13409
1541;41150
1542;50805
1543;27233
1544;42523
1545;38397
1546;35425
1547;20482
1548;40048
1549;50142
1550;44173
1551;12946
1552;8056
1553;40989
1554;38204
1555;50587
1556;24291
1557;52559
1558;28803
1559;41008
1560;64831
1561;8243
1562;34986
1563;62615
1564;64081
1565;2377
1566;62566
1567;62094
1568;49840
1569;60109
1570;23423
1571;50336
1572;31375
1573;18435
1574;23421
1575;546
1576;57880
1577;24911
1578;12549
1579;61263
1580;29492
1581;7327
1582;58113
1583;344
1584;14546
1585;35655
1586;42098
1587;4430
1588;46052
1589;36848
1590;42736
1591;18573
1592;14907
1593;35087
1594;25747
1595;46665
1596;9404
1597;25080
1598;6109
1599;8490
1600;58777
1601;26525
1602;23073
1603;23440
1604;18953
1605;16151
1606;59233
1607;3546
1608;63145
1609;24939
1610;3815
1611;63268
1612;41908
1613;5917
1614;5245
1615;60065
1616;21813
1617;6227
1618;13854
1619;15233
1620;62074
1621;47201
1622;16390
1623;57075
1624;53298
1625;63389
1626;28650
1627;11034
1628;46956
1629;6638
1630;53594
1631;11908
1632;51101
1633;34715
1634;16707
1635;38575
1636;50751
1637;14115
1638;60355
1639;44261
1640;58843
1641;42865
1642;55234
1643;62668
1644;57576
1645;28437
1646;39357
1647;31818
1648;2974
1649;32718
1650;15690
1651;24709
1652;21040
1653;38419
1654;8502
1655;13178
1656;1705
1657;17152
1658;33077
1659;45898
1660;39374
1661;47885
1662;27988
1663;52293
1664;23973
1665;44469
1666;35881
1667;40659
1668;26049
1669;12584
1670;29414
1671;32554
1672;21281
1673;40101
1674;32745
1675;31200
1676;54885
1677;3370
1678;27344
1679;61866
1680;60913
1681;51363
1682;50242
1683;29067
1684;35121
1685;22717
1686;57396
1687;1958
1688;44159
1689;37325
1690;20486
1691;44073
1692;37782
1693;27827
1694;17783
1695;22678
1696;35569
1697;11158
1698;15981
1699;16580
1700;40056
1701;44884
1702;12176
1703;6198
1704;48458
1705;44764
1706;14992
1707;23491
1708;22147
1709;5618
1710;44609
1711;62912
1712;27777
1713;29543
1714;52205
1715;30625
1716;458
1717;48890
1718;39213
1719;12237
1720;36707
1721;18726
1722;20954
1723;12582
1724;33864
1725;32884
1726;60464
1727;13971
1728;14709
1729;50799
1730;57421
1731;54691
1732;39610
1733;24078
1734;35188
1735;28542
1736;64956
1737;2352
1738;27212
1739;22888
1740;34957
1741;39734
1742;2911
1743;9571
1744;32186
1745;39705
1746;51999
1747;36836
1748;10042
1749;4377
1750;24025
1751;29086
1752;13518
1753;28732
1754;47696
1755;46479
1756;24204
1757;29100
1758;16871
1759;32785
1760;17470
1761;62917
1762;26700
1763;22128
1764;41709
1765;23626
1766;1433
1767;11790
1768;24013
1769;56989
1770;9381
1771;26805
1772;29833
1773;52830
1774;14701
1775;24354
1776;29127
1777;62142
1778;47253
1779;41853
1780;2801
1781;4429
1782;33579
1783;4243
1784;43512
1785;7752
1786;63329
1787;49776
1788;26131
1789;22187
1790;42169
1791;1941
1792;16772
1793;21920
1794;65083
1795;32123
1796;53431
1797;5804
1798;23
1799;61916
1800;39531
1801;23906
1802;49253
1803;13695
1804;11861
1805;625
1806;202
1807;43614
1808;56759
1809;23104
1810;62992
1811;51195
1812;6307
1813;12969
1814;16172
1815;11154
1816;33650
1817;32885
1818;61826
1819;9281
1820;52765
1821;6872
1822;9020
1823;18903
1824;56346
1825;6088
1826;12673
1827;7028
1828;1119
1829;16562
1830;55461
1831;45178
1832;6862
1833;48939
1834;8648
1835;25568
1836;7223
1837;27615
1838;21569
1839;52620
1840;3068
1841;63400
1842;16107
1843;54806
1844;26656
1845;54731
1846;10991
1847;54737
1848;39972
1849;47441
1850;39176
1851;30441
1852;34007
1853;203
1854;50799
1855;8733
1856;43933
1857;53525
1858;20269
1859;31292
1860;12151
1861;42822
1862;56253
1863;15671
1864;3356
1865;15467
1866;10539
1867;63915
1868;51306
1869;60281
1870;17267
1871;9338
1872;8821
1873;49491
1874;50639
1875;8543
1876;52180
1877;20492
1878;41841
1879;10453
1880;21802
1881;48382
1882;9784
1883;20112
1884;64460
1885;54339
1886;20148
1887;6033
1888;12037
1889;3452
1890;18619
1891;21170
1892;26064
1893;57728
1894;40005
1895;35125
1896;60581
1897;60745
1898;24753
1899;44879
1900;362
1901;32701
1902;17775
1903;62716
1904;59371
1905;46842
1906;53859
1907;39177
1908;36378
1909;18073
1910;59275
1911;33885
1912;41550
1913;25064
1914;51762
1915;28006
1916;15434
1917;3420
1918;59839
1919;23435
1920;62688
1921;62646
1922;12591
1923;26527
1924;2184
1925;52997
1926;57578
1927;27037
1928;42012
1929;59028
1930;24429
1931;15970
1932;36310
1933;50374
1934;49701
1935;27275
1936;692
1937;52928
1938;9358
1939;52695
1940;42720
1941;7647
1942;23964
1943;27190
1944;3021
1945;54859
1946;63684
1947;8448
1948;58342
1949;34356
1950;48718
1951;32752
1952;51407
1953;58374
1954;54508
1955;62410
1956;22382
1957;34963
1958;10401
1959;65392
1960;42056
1961;36674
1962;33021
1963;11376
1964;54321
1965;11704
1966;48205
1967;25534
1968;28344
1969;11131
1970;6571
1971;54419
1972;41292
1973;54016
1974;60125
1975;59696
1976;17511
1977;45222
1978;56179
1979;48274
1980;39455
1981;17032
1982;49310
1983;34803
1984;60038
1985;50506
1986;62223
1987;18100
1988;39198
1989;33242
1990;22750
1991;55197
1992;54255
1993;43070
1994;56943
1995;6374
1996;22030
1997;9361
1998;52904
1999;1785
2000;38381
2001;10658
2002;60606
2003;41792
2004;49564
2005;26941
2006;40219
2007;31491
2008;47073
2009;18747
2010;49658
2011;31728
2012;61847
2013;16843
2014;63925
2015;49363
2016;58183
2017;53900
2018;35446
2019;56246
2020;13496
2021;2139
2022;10938
2023;29794
2024;43213
2025;61213
2026;45707
2027;54716
2028;3459
2029;13152
2030;58016
2031;46508
2032;18044
2033;64775
2034;36332
2035;57405
2036;15302
2037;19334
2038;42339
2039;5835
2040;46943
2041;10040
2042;33682
2043;44395
2044;47384
2045;26493
2046;9307
2047;32827
2048;32710
2049;57654
2050;41504
2051;34982
2052;31493
2053;35579
2054;21335
2055;43087
2056;2230
2057;37227
2058;48053
2059;15061
2060;476
2061;11443
2062;29840
2063;47505
2064;18195
2065;31328
2066;49259
2067;53264
2068;36455
2069;60683
2070;51810
2071;59116
2072;46962
2073;5257
2074;40710
2075;49400
2076;52728
2077;39908
2078;52369
2079;56883
2080;46374
2081;31209
2082;24000
2083;52724
2084;56197
2085;12232
2086;9315
2087;36131
2088;53920
2089;4311
2090;3151
2091;31546
2092;34284
2093;32653
2094;44996
2095;49337
2096;1388
2097;6532
2098;58881
2099;48309
2100;16994
2101;54028
2102;25752
2103;52542
2104;24911
2105;17618
2106;36689
2107;2027
2108;19829
2109;26660
2110;17600
2111;30630
2112;30108
2113;63394
2114;4719
2115;52136
2116;42796
2117;38008
2118;43874
2119;30725
2120;53868
2121;40399
2122;26172
2123;48441
2124;27809
2125;16145
2126;63723
2127;4980
2128;38959
2129;58261
2130;1855
2131;54115
2132;33743
2133;65056
2134;24843
2135;18096
2136;34220
2137;23557
2138;32926
2139;43707
2140;33612
2141;30097
2142;53638
2143;7540
2144;35712
2145;48145
2146;27539
2147;16703
2148;46748
2149;59514
2150;63037
2151;2066
2152;26685
2153;33366
2154;31645
2155;38088
2156;49225
2157;33906
2158;42770
2159;30844
2160;8671
2161;28525
2162;36419
2163;43441
2164;5018
2165;64179
2166;63413
2167;6929
2168;4827
2169;7535
2170;727
2171;52957
2172;56336
2173;44884
2174;34210
2175;15285
2176;13746
2177;43787
2178;21991
2179;45402
2180;30572
2181;47134
2182;2111
2183;25665
2184;47630
2185;46750
2186;9282
2187;10832
2188;42662
2189;39963
2190;49848
2191;52590
2192;45262
2193;54267
2194;28133
2195;17782
2196;50288
2197;35747
2198;57261
2199;28368
2200;42372
2201;51832
2202;49116
2203;38113
2204;17309
2205;32123
2206;52119
2207;22954
2208;15376
2209;50108
2210;38424
2211;21626
2212;15676
2213;50577
2214;64081
2215;19117
2216;3942
2217;17119
2218;40747
2219;59011
2220;26212
2221;9729
2222;34461
2223;3263
2224;49124
2225;14932
2226;59804
2227;39304
2228;41405
2229;42980
2230;17607
2231;46737
2232;2644
2233;22534
2234;64005
2235;56853
2236;59361
2237;39064
2238;33895
2239;7537
2240;65476
2241;3925
2242;48870
2243;51033
2244;36953
2245;3010
2246;52839
2247;41202
2248;24299
2249;37334
2250;64870
2251;64785
2252;46239
2253;6091
2254;28410
2255;60643
2256;28422
2257;48849
2258;14315
2259;63651
2260;5925
2261;19992
2262;59363
2263;14841
2264;41723
2265;60591
2266;27948
2267;14138
2268;32549
2269;3097
2270;57324
2271;2554
2272;65444
2273;31303
2274;29223
2275;7995
2276;28639
2277;27739
2278;11552
2279;5223
2280;65056
2281;10817
2282;730
2283;26203
2284;42849
2285;54871
2286;5443
2287;13492
2288;19886
2289;22722
2290;45761
2291;7833
2292;28457
2293;52474
2294;30112
2295;14411
2296;25861
2297;42719
2298;29676
2299;3942
2300;27002
2301;61299
2302;23139
2303;8195
2304;20522
2305;39928
2306;12473
2307;57273
2308;35217
2309;5476
2310;13484
2311;16507
2312;36150
2313;42260
2314;26302
2315;50711
2316;41404
2317;39181
2318;7029
2319;51020
2320;61677
2321;63248
2322;24406
2323;64700
2324;5634
2325;2902
2326;42722
2327;52799
2328;60710
2329;26099
2330;8715
2331;27204
2332;14793
2333;50775
2334;58748
2335;26594
2336;13704
2337;12870
2338;39879
2339;29978
2340;46250
2341;24902
2342;20881
2343;60483
2344;19807
2345;62093
2346;28741
2347;12583
2348;46411
2349;15581
2350;32403
2351;43370
2352;2797
2353;9648
2354;48489
2355;40939
2356;55479
2357;30338
2358;50139
2359;59510
2360;30860
2361;6288
2362;40837
2363;63898
2364;26427
2365;36621
2366;44160
2367;29818
2368;60878
2369;45440
2370;46949
2371;1818
2372;8943
2373;37922
2374;64229
2375;12262
2376;30613
2377;1519
2378;24725
2379;52262
2380;20556
2381;58333
2382;23132
2383;31467
2384;22856
2385;63363
2386;56450
2387;21393
2388;51351
2389;56185
2390;60397
2391;46115
2392;59786
2393;62155
2394;22695
2395;9899
2396;1743
2397;49869
2398;4935
2399;29802
2400;45346
2401;49262
2402;42355
2403;28618
2404;38888
2405;1977
2406;54174
2407;56951
2408;24891
2409;22842
2410;23609
2411;31125
2412;20555
2413;40127
2414;24240
2415;30021
2416;2978
2417;22973
2418;28667
2419;2647
2420;47641
2421;52626
2422;20069
2423;59492
2424;30250
2425;61171
2426;45732
2427;19680
2428;5555
2429;20557
2430;54274
2431;38030
2432;57853
2433;32243
2434;2479
2435;50468
2436;36347
2437;64329
2438;14876
2439;52283
2440;51247
2441;8087
2442;52063
2443;38471
2444;43680
2445;40812
2446;11366
2447;33215
2448;57659
2449;456
2450;17408
2451;15039
2452;11361
2453;61551
2454;41945
2455;19030
2456;25647
2457;13030
2458;34005
2459;10792
2460;61644
2461;54199
2462;22967
2463;49012
2464;27112
2465;28700
2466;61700
2467;47072
2468;36831
2469;18405
2470;42955
2471;64344
2472;64530
2473;51411
2474;31110
2475;23030
2476;49849
2477;17754
2478;42968
2479;24190
2480;65385
2481;50349
2482;44987
2483;12202
2484;53278
2485;59368
2486;49039
2487;8181
2488;37836
2489;4193
2490;25194
2491;11183
2492;33016
2493;7021
2494;40510
2495;15006
2496;14823
2497;27047
2498;4849
2499;10089
2500;32142
2501;54971
2502;8836
2503;58650
2504;39759
2505;25772
2506;43718
2507;45922
2508;41988
2509;30761
2510;63698
2511;27221
2512;33384
2513;28859
2514;16991
2515;21505
2516;18351
2517;15145
2518;12159
2519;35628
2520;16937
2521;1700
2522;44228
2523;30978
2524;12156
2525;9064
2526;40040
2527;60188
2528;7073
2529;30440
2530;31082
2531;58141
2532;19323
2533;16636
2534;35377
2535;16293
2536;30531
2537;32997
2538;22270
2539;42580
2540;64877
2541;12335
2542;63710
2543;25371
2544;58330
2545;37449
2546;42622
2547;32038
2548;50738
2549;43421
2550;13747
2551;51718
2552;58402
2553;30896
2554;65479
2555;39270
2556;60845
2557;52424
2558;15417
2559;48932
2560;27820
2561;2971
2562;34570
2563;49233
2564;9621
2565;23418
2566;344
2567;1864
2568;21026
2569;45335
2570;4058
2571;43759
2572;10358
2573;23003
2574;13380
2575;10810
2576;6010
2577;53037
2578;20531
2579;59274
2580;5745
2581;22685
2582;48978
2583;44690
2584;64296
2585;37358
2586;2644
2587;25256
2588;5386
2589;11590
2590;57979
2591;33118
2592;44266
2593;21517
2594;28164
2595;44788
2596;58691
2597;15743
2598;41964
2599;55481
2600;31067
2601;31277
2602;34482
2603;3821
2604;60100
2605;36521
2606;26129
2607;32682
2608;8953
2609;41622
2610;12656
2611;37953
2612;42572
2613;64485
2614;54099
2615;46307
2616;10765
2617;31363
2618;144
2619;57581
2620;40626
2621;52387
2622;45303
2623;9691
2624;54822
2625;22285
2626;19091
2627;35334
2628;20415
2629;18275
2630;5435
2631;40643
2632;26176
2633;8473
2634;31849
2635;27270
2636;43059
2637;19464
2638;6931
2639;63476
2640;46389
2641;59686
2642;3198
2643;49345
2644;5301
2645;40225
2646;44718
2647;53233
2648;12118
2649;29606
2650;45023
2651;64579
2652;59701
2653;5020
2654;41189
2655;36091
2656;48848
2657;63175
2658;18666
2659;32383
2660;13600
2661;15162
2662;4241
2663;17523
2664;47836
2665;57823
2666;61945
2667;15800
2668;53020
2669;45696
2670;28275
2671;58003
2672;48469
2673;18364
2674;34876
2675;14638
2676;20684
2677;23392
2678;9881
2679;53266
2680;54173
2681;4020
2682;47126
2683;12997
2684;26046
2685;26154
2686;17696
2687;56277
2688;4254
2689;35609
2690;32512
2691;20524
2692;14601
2693;35997
2694;51330
2695;1116
2696;52551
2697;3802
2698;35181
2699;3601
2700;26371
2701;15424
2702;18693
2703;45703
2704;6088
2705;37733
2706;14439
2707;13530
2708;62347
2709;28897
2710;58047
2711;59680
2712;50464
2713;9264
2714;16742
2715;15507
2716;43147
2717;32589
2718;19606
2719;12878
2720;1362
2721;61190
2722;7390
2723;36868
2724;62449
2725;25171
2726;56016
2727;33779
2728;59181
2729;38273
2730;52289
2731;2451
2732;43173
2733;2748
2734;24183
2735;4315
2736;11467
2737;24372
2738;19415
2739;23881
2740;35090
2741;14817
2742;39479
2743;12674
2744;21468
2745;28743
2746;36404
2747;22060
2748;48202
2749;22125
2750;1130
2751;57648
2752;61150
2753;44758
2754;41066
2755;64099
2756;44818
2757;11714
2758;62863
2759;2345
2760;43583
2761;60915
2762;4775
2763;33096
2764;52997
2765;8700
2766;7611
2767;47090
2768;60004
2769;20174
2770;13952
2771;27443
2772;30241
2773;11200
2774;39517
2775;1220
2776;19146
2777;39641
2778;62568
2779;64811
2780;43216
2781;45187
2782;27508
2783;32103
2784;60726
2785;61142
2786;11419
2787;17080
2788;51193
2789;32653
2790;36532
2791;60089
2792;49640
2793;7470
2794;4100
2795;59084
2796;2442
2797;134
2798;6120
2799;14750
2800;53589
2801;47853
2802;58985
2803;17643
2804;54546
2805;44988
2806;28163
2807;54548
2808;36664
2809;59970
2810;37686
2811;38854
2812;48981
2813;47021
2814;22328
2815;15801
2816;31554
2817;13512
2818;56290
2819;45901
2820;46586
2821;32918
2822;4510
2823;24772
2824;15612
2825;12898
2826;54440
2827;59359
2828;27922
2829;38162
2830;27425
2831;52671
2832;42819
2833;55359
2834;27321
2835;51562
2836;4363
2837;13831
2838;39698
2839;2163
2840;38485
2841;40825
2842;18730
2843;32302
2844;40404
2845;47950
2846;46855
2847;22432
2848;42822
2849;20885
2850;2651
2851;26041
2852;64613
2853;37312
2854;18887
2855;56682
2856;55313
2857;15317
2858;51480
2859;64047
2860;16092
2861;44003
2862;13828
2863;61887
2864;55842
2865;40299
2866;36999
2867;58614
2868;6485
2869;31410
2870;24357
2871;7790
2872;23397
2873;46062
2874;17144
2875;62762
2876;44219
2877;32820
2878;50075
2879;3644
2880;51062
2881;18131
2882;39167
2883;17332
2884;39107
2885;56382
2886;20386
2887;44152
2888;57466
2889;20789
2890;47520
2891;28570
2892;42178
2893;62701
2894;21816
2895;24464
2896;28770
2897;315
2898;3828
2899;44712
2900;18909
2901;28806
2902;50248
2903;51672
2904;65364
2905;49565
2906;53854
2907;40182
2908;29589
2909;27612
2910;59129
2911;7947
2912;31722
2913;22959
2914;28054
2915;3456
2916;17991
2917;55063
2918;52776
2919;31683
2920;19509
2921;14487
2922;15420
2923;23514
2924;30394
2925;56971
2926;4220
2927;40007
2928;32471
2929;9916
2930;55907
2931;46243
2932;56808
2933;34937
2934;3857
2935;45188
2936;24207
2937;22080
2938;32122
2939;46170
2940;43505
2941;45962
2942;16024
2943;61325
2944;10719
2945;91
2946;14697
2947;45232
2948;48707
2949;57959
2950;15968
2951;23507
2952;48880
2953;34677
2954;2532
2955;51069
2956;2924
2957;20990
2958;28154
2959;58986
2960;60935
2961;49874
2962;45467
2963;7773
2964;43859
2965;6025
2966;594
2967;3295
2968;2462
2969;59659
2970;57596
2971;56801
2972;30106
2973;59385
2974;55010
2975;2367
2976;22364
2977;32082
2978;58034
2979;5464
2980;49933
2981;5604
2982;64566
2983;7921
2984;44743
2985;41337
2986;4711
2987;21843
2988;10876
2989;30990
2990;29598
2991;7005
2992;20761
2993;45174
2994;42799
2995;32060
2996;37909
2997;60566
2998;38168
2999;57713
3000;54518
3001;23060
3002;51737
3003;28970
3004;25870
3005;6441
3006;12042
3007;40941
3008;16541
3009;64112
3010;59635
3011;27842
3012;63690
3013;34837
3014;9342
3015;5768
3016;62804
3017;55670
3018;53008
3019;52694
3020;54523
3021;2617
3022;11665
3023;23323
3024;21530
3025;23599
3026;47672
3027;6401
3028;51052
3029;6486
3030;47584
3031;29475
3032;53573
3033;28496
3034;42384
3035;18042
3036;55841
3037;41433
3038;60765
3039;39316
3040;42164
3041;14105
3042;54768
3043;44950
3044;59290
3045;13395
3046;46029
3047;26689
3048;49809
3049;28552
3050;63911
3051;45637
3052;43955
3053;5649
3054;51965
3055;51088
3056;33230
3057;51772
3058;26832
3059;45875
3060;47067
3061;17611
3062;20544
3063;7431
3064;7784
3065;64284
3066;61388
3067;27176
3068;50346
3069;14854
3070;4143
3071;4857
3072;16003
3073;27775
3074;54760
3075;13104
3076;61025
3077;11781
3078;36457
3079;36077
3080;28085
3081;8883
3082;4199
3083;1277
3084;41128
3085;34407
3086;49845
3087;19843
3088;21848
3089;6366
3090;9250
3091;19088
3092;2941
3093;51203
3094;2669
3095;62917
3096;8340
3097;53304
3098;493
3099;31428
3100;17007
3101;63350
3102;41675
3103;64854
3104;36508
3105;29434
3106;19048
3107;41990
3108;34574
3109;61844
3110;10237
3111;32273
3112;42995
3113;6069
3114;1061
3115;62365
3116;61615
3117;6137
3118;46478
3119;27530
3120;5784
3121;65290
3122;25491
3123;58556
3124;31356
3125;47376
3126;7585
3127;34850
3128;42624
3129;59366
3130;45715
3131;50539
3132;28026
3133;22960
3134;24813
3135;15719
3136;36477
3137;53870
3138;20919
3139;54424
3140;25054
3141;11250
3142;50568
3143;5968
3144;41418
3145;7416
3146;46770
3147;891
3148;62948
3149;13700
3150;56541
3151;15603
3152;3943
3153;49639
3154;7615
3155;38470
3156;53559
3157;28319
3158;7830
3159;22480
3160;10166
3161;12383
3162;56233
3163;28446
3164;26866
3165;37843
3166;56169
3167;34632
3168;15889
3169;63570
3170;18460
3171;44578
3172;9303
3173;59313
3174;8005
3175;25857
3176;112
3177;3192
3178;59624
3179;40132
3180;31373
3181;16698
3182;19114
3183;11700
3184;44782
3185;19549
3186;64384
3187;24662
3188;47907
3189;8603
3190;58052
3191;51519
3192;46857
3193;58815
3194;6047
3195;45765
3196;37826
3197;18365
3198;43625
3199;20344
3200;33697
3201;26455
3202;35323
3203;44998
3204;5705
3205;55374
3206;37023
3207;52609
3208;35700
3209;19536
3210;61220
3211;60956
3212;10313
3213;46765
3214;32766
3215;62070
3216;18807
3217;38267
3218;39439
3219;19957
3220;39907
3221;27434
3222;2348
3223;42452
3224;25533
3225;3942
3226;23330
3227;41916
3228;50135
3229;19756
3230;26263
3231;38772
3232;13570
3233;48382
3234;39896
3235;58769
3236;29586
3237;20903
3238;19429
3239;53148
3240;48747
3241;37329
3242;6195
3243;44844
3244;1008
3245;20980
3246;41620
3247;38892
3248;48542
3249;25804
3250;6235
3251;12799
3252;131
3253;37843
3254;20240
3255;42983
3256;59047
3257;25045
3258;47054
3259;60987
3260;42985
3261;34066
3262;49796
3263;15066
3264;45207
3265;57278
3266;44247
3267;38926
3268;34173
3269;22497
3270;42458
3271;9990
3272;24151
3273;55025
3274;46300
3275;15451
3276;47260
3277;1879
3278;50332
3279;61062
3280;59119
3281;47187
3282;31438
3283;35550
3284;62196
3285;9585
3286;29643
3287;46560
3288;5937
3289;35553
3290;29521
3291;28608
3292;35214
3293;22678
3294;65465
3295;31457
3296;4646
3297;61509
3298;21365
3299;45789
3300;63675
3301;39364
3302;61160
3303;46412
3304;4945
3305;39782
3306;51513
3307;54590
3308;38126
3309;59923
3310;51606
3311;37488
3312;28414
3313;49489
3314;60572
3315;22850
3316;2190
3317;45610
3318;43112
3319;32803
3320;11980
3321;23217
3322;41777
3323;14005
3324;24616
3325;53059
3326;13693
3327;29088
3328;38301
3329;41281
3330;3108
3331;36240
3332;13696
3333;47107
3334;64931
3335;63013
3336;10009
3337;45587
3338;11146
3339;22127
3340;33767
3341;43312
3342;37231
3343;33238
3344;31194
3345;62539
3346;31207
3347;44632
3348;53092
3349;48371
3350;3475
3351;60604
3352;14288
3353;53270
3354;4239
3355;16868
3356;7657
3357;43657
3358;30680
3359;40436
3360;5322
3361;1193
3362;27574
3363;50543
3364;50530
3365;15777
3366;27644
3367;8817
3368;61126
3369;26018
3370;34955
3371;30654
3372;39651
3373;17240
3374;50338
3375;14338
3376;30182
3377;7808
3378;5075
3379;48103
3380;18328
3381;63069
3382;36330
3383;62070
3384;61651
3385;61155
3386;58308
3387;53790
3388;21025
3389;52279
3390;57123
3391;35070
3392;5696
3393;10740
3394;2612
3395;9424
3396;17041
3397;58325
3398;52047
3399;26829
3400;49476
3401;33360
3402;52780
3403;64893
3404;3840
3405;3515
3406;41990
3407;12217
3408;52581
3409;61138
3410;14621
3411;48868
3412;56423
3413;30265
3414;9353
3415;23460
3416;31881
3417;42290
3418;20184
3419;46928
3420;49014
3421;42607
3422;23355
3423;49347
3424;4939
3425;32730
3426;1047
3427;14889
3428;18136
3429;30216
3430;12016
3431;44806
3432;34612
3433;26354
3434;29801
3435;47651
3436;40207
3437;55865
3438;65027
3439;21773
3440;49879
3441;3197
3442;16437
3443;62428
3444;24768
3445;38052
3446;29551
3447;51630
3448;60467
3449;7384
3450;52674
3451;55655
3452;17265
3453;48990
3454;42164
3455;27258
3456;54797
3457;62627
3458;22221
3459;29235
3460;349
3461;10688
3462;5517
3463;38230
3464;56600
3465;15550
3466;38843
3467;3627
3468;1641
3469;38238
3470;41036
3471;28909
3472;17014
3473;9531
3474;16147
3475;17881
3476;37247
3477;4464
3478;26353
3479;31046
3480;15201
3481;11702
3482;21495
3483;64220
3484;3719
3485;33227
3486;56481
3487;33247
3488;21559
3489;46371
3490;62595
3491;34043
3492;31700
3493;49509
3494;50852
3495;6619
3496;60298
3497;60987
3498;28247
3499;53177
3500;11694
3501;60227
3502;22653
3503;24727
3504;51869
3505;11959
3506;4574
3507;15632
3508;7255
3509;26707
3510;60738
3511;13516
3512;47099
3513;32571
3514;25373
3515;14179
3516;54893
3517;2540
3518;43413
3519;46236
3520;57562
3521;2493
3522;10318
3523;17764
3524;50963
3525;45574
3526;31342
3527;53475
3528;14060
3529;37342
3530;11977
3531;199
3532;37008
3533;12547
3534;10147
3535;48690
3536;31224
3537;45201
3538;2612
3539;23355
3540;24335
3541;18130
3542;18357
3543;53207
3544;50716
3545;32369
3546;56325
3547;12203
3548;23867
3549;22202
3550;11720
3551;48740
3552;28
3553;48939
3554;44991
3555;12175
3556;14048
3557;42095
3558;41773
3559;6267
3560;15914
3561;27998
3562;30552
3563;43381
3564;22896
3565;55080
3566;36861
3567;43162
3568;27315
3569;43833
3570;8809
3571;20160
3572;48983
3573;2678
3574;30994
3575;21192
3576;53575
3577;30155
3578;16755
3579;32582
3580;3455
3581;37946
3582;31469
3583;6806
3584;34550
3585;3587
3586;9572
3587;7043
3588;11918
3589;23659
3590;5937
3591;55110
3592;21834
3593;46096
3594;19600
3595;52121
3596;29346
3597;20540
3598;61681
3599;15755
3600;54756
3601;63733
3602;56741
3603;6539
3604;37943
3605;27671
3606;9484
3607;20481
3608;61121
3609;20475
3610;58735
3611;13069
3612;19935
3613;34397
3614;17818
3615;2454
3616;8525
3617;57519
3618;26909
3619;22187
3620;8503
3621;13257
3622;11510
3623;64544
3624;5270
3625;55234
3626;12591
3627;22994
3628;63338
3629;54550
3630;45871
3631;49853
3632;30902
3633;53194
3634;11367
3635;26450
3636;50980
3637;18072
3638;38584
3639;64709
3640;49802
3641;37309
3642;35514
3643;5056
3644;63156
3645;3213
3646;9364
3647;26326
3648;59973
3649;11712
3650;14575
3651;47182
3652;28067
3653;945
3654;38121
3655;58501
3656;1973
3657;31854
3658;1545
3659;56370
3660;46580
3661;57973
3662;13905
3663;64102
3664;33032
3665;20924
3666;12907
3667;36980
3668;55191
3669;56468
3670;2082
3671;55062
3672;32164
3673;64806
3674;23597
3675;53238
3676;29957
3677;47825
3678;44587
3679;50834
3680;21366
3681;53378
3682;44520
3683;39112
3684;32350
3685;42141
3686;9989
3687;39732
3688;29511
3689;9628
3690;36913
3691;59237
3692;58561
3693;50833
3694;54492
3695;58734
3696;54603
3697;48409
3698;9898
3699;44735
3700;64051
3701;22651
3702;34026
3703;32276
3704;53079
3705;27638
3706;55837
3707;63054
3708;23448
3709;45867
3710;41968
3711;5070
3712;31858
3713;28253
3714;13210
3715;6301
3716;22487
3717;58064
3718;17297
3719;49589
3720;55335
3721;51723
3722;40780
3723;22120
3724;13402
3725;61823
3726;64365
3727;13356
3728;18402
3729;8013
3730;42016
3731;35621
3732;35662
3733;38148
3734;37556
3735;6175
3736;64417
3737;14821
3738;44947
3739;56067
3740;27715
3741;23938
3742;59716
3743;4594
3744;27676
3745;8806
3746;6493
3747;26416
3748;13907
3749;50982
3750;43817
3751;52684
3752;52701
3753;4763
3754;43541
3755;60843
3756;21901
3757;54080
3758;2245
3759;13616
3760;55647
3761;29439
3762;28614
3763;3211
3764;653
3765;17499
3766;54997
3767;48144
3768;47601
3769;32214
3770;34168
3771;34843
3772;36809
3773;57137
3774;1819
3775;9758
3776;45886
3777;15699
3778;5074
3779;8212
3780;1691
3781;16320
3782;41365
3783;62541
3784;11700
3785;53328
3786;22639
3787;60521
3788;6178
3789;55270
3790;39558
3791;9442
3792;15438
3793;45659
3794;3979
3795;4729
3796;41213
3797;65302
3798;38314
3799;2999
3800;53931
3801;50708
3802;778
3803;1401
3804;26025
3805;16477
3806;17153
3807;8789
3808;35337
3809;51138
3810;61047
3811;62981
3812;53329
3813;35970
3814;40833
3815;53024
3816;50526
3817;54641
3818;60495
3819;50222
3820;33289
3821;36636
3822;63736
3823;17794
3824;43076
3825;64630
3826;63915
3827;21428
3828;9983
3829;22858
3830;23852
3831;32922
3832;49500
3833;45099
3834;9631
3835;5837
3836;52
3837;22466
3838;27608
3839;9908
3840;35062
3841;4758
3842;54369
3843;56356
3844;29280
3845;54169
3846;52008
3847;4319
3848;43151
3849;29704
3850;13491
3851;48107
3852;20939
3853;20002
3854;8062
3855;44644
3856;16542
3857;27309
3858;30654
3859;22535
3860;52685
3861;34711
3862;24860
3863;7436
3864;62295
3865;31833
3866;59020
3867;41949
3868;11111
3869;30146
3870;1502
3871;17361
3872;45528
3873;32282
3874;1082
3875;56186
3876;24994
3877;8803
3878;33823
3879;44607
3880;41837
3881;41878
3882;16869
3883;23872
3884;20052
3885;64545
3886;39691
3887;29823
3888;51953
3889;35832
3890;37059
3891;42145
3892;54520
3893;12344
3894;25564
3895;23509
3896;15519
3897;23554
3898;24892
3899;13359
3900;26678
3901;28942
3902;37123
3903;47213
3904;24806
3905;52175
3906;22799
3907;4568
3908;539
3909;45941
3910;63072
3911;12881
3912;19757
3913;58356
3914;41547
3915;43237
3916;12249
3917;10217
3918;59052
3919;17704
3920;54845
3921;52720
3922;61057
3923;4640
3924;40171
3925;40773
3926;31566
3927;58158
3928;46396
3929;26120
3930;40155
3931;12202
3932;4899
3933;33330
3934;3633
3935;18955
3936;61883
3937;40212
3938;52970
3939;7683
3940;42406
3941;46171
3942;13334
3943;22671
3944;12410
3945;1238
3946;23024
3947;2830
3948;6918
3949;3361
3950;58599
3951;26708
3952;3746
3953;62258
3954;22656
3955;39918
3956;42280
3957;36419
3958;639
3959;17873
3960;4526
3961;63352
3962;25794
3963;58149
3964;14873
3965;5000
3966;32151
3967;987
3968;43813
3969;6239
3970;49577
3971;37356
3972;27850
3973;3611
3974;18121
3975;65154
3976;31810
3977;1074
3978;39209
3979;26448
3980;9867
3981;31142
3982;2319
3983;26865
3984;62640
3985;1347
3986;64494
3987;32314
3988;46276
3989;29022
3990;47455
3991;31784
3992;63591
3993;26105
3994;32259
3995;15475
3996;46546
3997;57465
3998;18385
3999;46106
4000;7835
4001;14259
4002;16612
4003;45526
4004;54383
4005;41774
4006;16162
4007;44496
4008;21609
4009;862
4010;56510
4011;19911
4012;44245
4013;11481
4014;55230
4015;63521
4016;6240
4017;61219
4018;19523
4019;5784
4020;32251
4021;61198
4022;6464
4023;36881
4024;1452
4025;26770
4026;41200
4027;27400
4028;10871
4029;12973
4030;53994
4031;12316
4032;29571
4033;9769
4034;1362
4035;9658
4036;54514
4037;15094
4038;42146
4039;39908
4040;8124
4041;30843
4042;43679
4043;35572
4044;32819
4045;15919
4046;45819
4047;23132
4048;24033
4049;1188
4050;20222
4051;451
4052;59849
4053;56962
4054;1737
4055;29550
4056;23921
4057;49734
4058;15579
4059;9322
4060;48490
4061;39237
4062;3071
4063;50014
4064;53398
4065;27039
4066;59727
4067;55345
4068;64637
4069;20646
4070;53327
4071;59909
4072;50026
4073;51503
4074;2738
4075;45552
4076;11286
4077;37924
4078;1750
4079;63971
4080;58196
4081;35950
4082;53250
4083;47120
4084;21948
4085;1537
4086;29749
4087;25825
4088;65059
4089;62873
4090;20976
4091;6905
4092;44103
4093;14856
4094;63889
4095;13171
4096;748
4097;7794
4098;11946
4099;21792
4100;33163
4101;32373
4102;64243
4103;60542
4104;2228
4105;30366
4106;48608
4107;32133
4108;45578
4109;4942
4110;5944
4111;59600
4112;52452
4113;29647
4114;53788
4115;13211
4116;34720
4117;7241
4118;60615
4119;48955
4120;529
4121;54560
4122;50331
4123;16372
4124;26164
4125;52265
4126;44545
4127;44850
4128;41667
4129;12990
4130;37916
4131;24478
4132;14770
4133;53572
4134;20535
4135;7500
4136;29253
4137;60765
4138;52363
4139;21280
4140;30260
4141;27196
4142;55654
4143;21899
4144;7531
4145;20739
4146;18327
4147;776
4148;43399
4149;55920
4150;17631
4151;58594
4152;27200
4153;35805
4154;54770
4155;19893
4156;55322
4157;722
4158;55779
4159;61988
4160;15495
4161;45835
4162;1530
4163;44597
4164;900
4165;22656
4166;4048
4167;4747
4168;56799
4169;25691
4170;61331
4171;11896
4172;45536
4173;24213
4174;37749
4175;34606
4176;48971
4177;25657
4178;52194
4179;8288
4180;7206
4181;46540
4182;60158
4183;905
4184;10486
4185;19221
4186;2134
4187;52497
4188;35200
4189;30050
4190;7031
4191;479
4192;10667
4193;24286
4194;6544
4195;15170
4196;49180
4197;52385
4198;45301
4199;51973
4200;36058
4201;27395
4202;42481
4203;31158
4204;31920
4205;21575
4206;19074
4207;2067
4208;23247
4209;12402
4210;64585
4211;10238
4212;25859
4213;19895
4214;39152
4215;59294
4216;28850
4217;5492
4218;61464
4219;65297
4220;46410
4221;34999
4222;11678
4223;6070
4224;64026
4225;42507
4226;20673
4227;37339
4228;30303
4229;37545
4230;35080
4231;42466
4232;59281
4233;30712
4234;57236
4235;32897
4236;11573
4237;45234
4238;47712
4239;22985
4240;43465
4241;44922
4242;13749
4243;28564
4244;64226
4245;10316
4246;38523
4247;63536
4248;57544
4249;20021
4250;12681
4251;57629
4252;19534
4253;49183
4254;29977
4255;24335
4256;15406
4257;16980
4258;61850
4259;17430
4260;64214
4261;33810
4262;58822
4263;37093
4264;44260
4265;36838
4266;37892
4267;15500
4268;9553
4269;22954
4270;30905
4271;55921
4272;57951
4273;28339
4274;20055
4275;54100
4276;41701
4277;42732
4278;7529
4279;32532
4280;63890
4281;33895
4282;39282
4283;64293
4284;35701
4285;60022
4286;44027
4287;15822
4288;38865
4289;58227
4290;16749
4291;44978
4292;61805
4293;36873
4294;28508
4295;50674
4296;53103
4297;45313
4298;19886
4299;36754
4300;65087
4301;57612
4302;61776
4303;19209
4304;58277
4305;1077
4306;59034
4307;40297
4308;53545
4309;4747
4310;4899
4311;39920
4312;493
4313;45955
4314;46702
4315;42291
4316;61486
4317;43044
4318;34147
4319;49864
4320;57266
4321;21766
4322;41302
4323;28281
4324;31115
4325;48209
4326;15531
4327;47531
4328;43653
4329;9110
4330;42348
4331;43018
4332;44434
4333;6280
4334;29232
4335;23425
4336;53768
4337;20252
4338;17437
4339;5568
4340;27229
4341;24813
4342;10152
4343;56051
4344;56901
4345;42208
4346;56937
4347;30730
4348;13424
4349;11139
4350;5513
4351;50074
4352;9623
4353;1288
4354;31045
4355;50975
4356;48449
4357;41758
4358;52837
4359;48301
4360;7610
4361;40875
4362;63405
4363;39186
4364;29926
4365;42976
4366;40878
4367;23191
4368;5651
4369;45914
4370;1308
4371;55481
4372;9535
4373;19969
4374;34689
4375;24847
4376;26725
4377;20208
4378;53642
4379;11661
4380;7490
4381;106
4382;13848
4383;11066
4384;6722
4385;63040
4386;20747
4387;41701
4388;23222
4389;14776
4390;31776
4391;31901
4392;30312
4393;61998
4394;37907
4395;53919
4396;54434
4397;26614
4398;35030
4399;19285
4400;3505
4401;59706
4402;26473
4403;46378
4404;38287
4405;50083
4406;44166
4407;29082
4408;20639
4409;37036
4410;45640
4411;20109
4412;23835
4413;36501
4414;32507
4415;33246
4416;52648
4417;59265
4418;52011
4419;38332
4420;42017
4421;34219
4422;29119
4423;18696
4424;24029
4425;59544
4426;12699
4427;4565
4428;20864
4429;29762
4430;19612
4431;19113
4432;26086
4433;34180
4434;61187
4435;44531
4436;36580
4437;29228
4438;24722
4439;17717
4440;33595
4441;53313
4442;32068
4443;64465
4444;52485
4445;1028
4446;33062
4447;48711
4448;18868
4449;8586
4450;38483
4451;15391
4452;10295
4453;4568
4454;56890
4455;16871
4456;35170
4457;39668
4458;23003
4459;41129
4460;25910
4461;21501
4462;52443
4463;2264
4464;19774
4465;3098
4466;64945
4467;4340
4468;53899
4469;21267
4470;10328
4471;58965
4472;31179
4473;29631
4474;62594
4475;48166
4476;33044
4477;31317
4478;31742
4479;61824
4480;57631
4481;22300
4482;60655
4483;37097
4484;54933
4485;44587
4486;7755
4487;18878
4488;14305
4489;25636
4490;52035
4491;20498
4492;45144
4493;24315
4494;46777
4495;35672
4496;919
4497;38057
4498;37931
4499;19443
4500;35069
4501;5986
4502;52671
4503;45001
4504;38206
4505;8085
4506;14645
4507;36893
4508;22482
4509;27963
4510;23873
4511;30864
4512;37333
4513;1937
4514;55709
4515;53783
4516;24458
4517;14407
4518;16829
4519;9724
4520;48120
4521;46861
4522;57656
4523;59860
4524;23423
4525;60479
4526;55919
4527;49059
4528;46549
4529;13523
4530;56791
4531;8831
4532;23218
4533;37240
4534;43843
4535;20609
4536;20805
4537;11399
4538;30030
4539;11567
4540;14663
4541;10173
4542;8371
4543;19032
4544;11207
4545;31366
4546;36907
4547;28151
4548;47883
4549;54646
4550;6270
4551;44040
4552;21282
4553;18579
4554;49518
4555;1622
4556;54227
4557;56256
4558;52239
4559;29086
4560;13420
4561;63862
4562;7308
4563;26146
4564;56927
4565;40995
4566;35521
4567;52131
4568;1384
4569;42420
4570;13312
4571;13215
4572;27408
4573;53241
4574;38859
4575;64550
4576;63907
4577;34895
4578;44876
4579;23082
4580;28611
4581;62816
4582;53374
4583;36784
4584;14996
4585;15822
4586;262
4587;32839
4588;46810
4589;36332
4590;45575
4591;44434
4592;12041
4593;18918
4594;56893
4595;30297
4596;35084
4597;21173
4598;65253
4599;62260
4600;4107
4601;26145
4602;41885
4603;31742
4604;53506
4605;26677
4606;17133
4607;55533
4608;53976
4609;35733
4610;27227
4611;58636
4612;5453
4613;37793
4614;10493
4615;64533
4616;1806
4617;6655
4618;35606
4619;60751
4620;26262
4621;3283
4622;58753
4623;1756
4624;19398
4625;54741
4626;17937
4627;16405
4628;65428
4629;64974
4630;21043
4631;12272
4632;52833
4633;30226
4634;9971
4635;61998
4636;13196
4637;2213
4638;14748
4639;39009
4640;38206
4641;28738
4642;14073
4643;47391
4644;61201
4645;37689
4646;59191
4647;19027
4648;34985
4649;47162
4650;57648
4651;55615
4652;8741
4653;30074
4654;22205
4655;50660
4656;39252
4657;1325
4658;43492
4659;14782
4660;27818
4661;5536
4662;25730
4663;63451
4664;61533
4665;52791
4666;63371
4667;49366
4668;185
4669;19377
4670;33527
4671;58581
4672;2018
4673;8735
4674;30450
4675;12182
4676;56395
4677;19025
4678;30492
4679;31280
4680;25859
4681;39716
4682;33790
4683;32775
4684;24972
4685;13794
4686;30349
4687;11067
4688;59629
4689;10245
4690;49286
4691;46313
4692;8722
4693;55723
4694;62635
4695;17652
4696;55184
4697;4903
4698;58579
4699;33009
4700;511
4701;3380
4702;23429
4703;41373
4704;6789
4705;15850
4706;45307
4707;34130
4708;60883
4709;38152
4710;48196
4711;2901
4712;27518
4713;56557
4714;65489
4715;23257
4716;41056
4717;61225
4718;13118
4719;9644
4720;5876
4721;61229
4722;335
4723;63477
4724;23590
4725;52838
4726;3909
4727;18041
4728;22616
4729;52581
4730;38822
4731;42956
4732;28778
4733;60898
4734;62220
4735;55713
4736;37995
4737;53851
4738;40420
4739;64710
4740;14183
4741;22837
4742;43314
4743;27649
4744;58947
4745;16797
4746;52239
4747;20949
4748;37979
4749;52839
4750;18335
4751;45600
4752;26053
4753;37684
4754;12021
4755;15259
4756;33037
4757;33164
4758;2339
4759;37792
4760;59139
4761;58560
4762;16628
4763;1062
4764;48009
4765;32722
4766;15316
4767;56486
4768;4188
4769;41918
4770;55648
4771;60510
4772;64736
4773;44960
4774;23007
4775;52344
4776;29006
4777;2476
4778;22099
4779;51666
4780;4844
4781;30335
4782;53080
4783;41426
4784;43527
4785;44558
4786;22470
4787;40154
4788;17137
4789;40066
4790;34685
4791;19516
4792;45382
4793;56913
4794;13446
4795;22795
4796;59375
4797;58135
4798;16067
4799;26495
4800;17887
4801;6244
4802;62855
4803;4355
4804;55029
4805;17840
4806;42721
4807;7201
4808;43684
4809;21705
4810;24
4811;23608
4812;27295
4813;8433
4814;57513
4815;53942
4816;53320
4817;44709
4818;16625
4819;49586
4820;59478
4821;65094
4822;46353
4823;15943
4824;43086
4825;61636
4826;14871
4827;62541
4828;906
4829;61602
4830;22960
4831;58788
4832;3838
4833;55171
4834;61133
4835;48950
4836;48973
4837;1160
4838;61382
4839;13902
4840;20072
4841;17565
4842;64827
4843;62390
4844;45207
4845;26763
4846;64629
4847;65473
4848;38826
4849;41207
4850;11895
4851;57315
4852;63055
4853;62645
4854;61910
4855;35548
4856;48282
4857;9698
4858;53042
4859;22093
4860;64196
4861;4960
4862;55713
4863;38548
4864;50277
4865;1356
4866;38575
4867;29114
4868;56984
4869;1090
4870;55308
4871;520
4872;53138
4873;21578
4874;13064
4875;3165
4876;65339
4877;58860
4878;63415
4879;23138
4880;5242
4881;31385
4882;13232
4883;33138
4884;37247
4885;28890
4886;28524
4887;63022
4888;41441
4889;30447
4890;8036
4891;29244
4892;16227
4893;41373
4894;41094
4895;6140
4896;14945
4897;5246
4898;13331
4899;32297
4900;27106
4901;34154
4902;34504
4903;6054
4904;38011
4905;43800
4906;7081
4907;55039
4908;22128
4909;50401
4910;62270
4911;3112
4912;64154
4913;57930
4914;481
4915;41808
4916;27549
4917;35557
4918;31302
4919;56199
4920;53387
4921;24399
4922;18131
4923;54110
4924;56073
4925;8910
4926;1183
4927;4246
4928;13692
4929;40132
4930;42244
4931;36019
4932;24437
4933;64156
4934;16556
4935;53696
4936;47175
4937;43322
4938;21884
4939;31681
4940;58167
4941;52513
4942;9582
4943;26391
4944;19647
4945;24356
4946;15754
4947;51077
4948;27619
4949;43419
4950;15337
4951;45388
4952;28541
4953;6515
4954;52165
4955;63455
4956;55597
4957;46556
4958;43411
4959;46848
4960;61647
4961;4750
4962;10263
4963;352
4964;61697
4965;35028
4966;31443
4967;37266
4968;64371
4969;43
4970;16113
4971;23349
4972;31584
4973;42391
4974;50411
4975;37791
4976;20810
4977;149
4978;17773
4979;49949
4980;7277
4981;20555
4982;63228
4983;30887
4984;65338
4985;55867
4986;3923
4987;10160
4988;52503
4989;13680
4990;36412
4991;2336
4992;58003
4993;49993
4994;19878
4995;35328
4996;26150
4997;7728
4998;11628
4999;52965
5000;58775
5001;35890
5002;11784
5003;33178
5004;53368
5005;18613
5006;3354
5007;60887
5008;55517
5009;27022
5010;55676
5011;38121
5012;39317
5013;49239
5014;6864
5015;16059
5016;59887
5017;46308
5018;41917
5019;24500
5020;61828
5021;21253
5022;17973
5023;44303
5024;2683
5025;30508
5026;8231
5027;29496
5028;41359
5029;8351
5030;39148
5031;54107
5032;32870
5033;54764
5034;64592
5035;976
5036;59366
5037;49773
5038;34301
5039;45001
5040;13410
5041;37879
5042;54570
5043;8208
5044;10957
5045;13654
5046;7832
5047;10592
5048;37305
5049;11559
5050;9744
5051;7612
5052;26639
5053;34926
5054;42877
5055;12840
5056;26507
5057;41292
5058;34685
5059;35279
5060;50853
5061;36659
5062;8966
5063;27237
5064;37302
5065;21244
5066;11271
5067;24701
5068;49433
5069;30394
5070;4979
5071;5167
5072;18642
5073;37446
5074;29963
5075;38627
5076;50175
5077;63845
5078;27101
5079;59977
5080;55491
5081;33130
5082;59089
5083;59597
5084;58363
5085;31769
5086;34887
5087;58095
5088;21591
5089;51469
5090;33661
5091;56023
5092;52473
5093;34959
5094;64781
5095;33732
5096;63253
5097;39695
5098;42368
5099;8561
5100;28764
5101;30366
5102;23163
5103;27817
5104;48407
5105;57155
5106;30451
5107;43040
5108;56407
5109;17702
5110;52145
5111;49754
5112;55473
5113;55061
5114;20062
5115;41115
5116;43128
5117;19618
5118;62025
5119;42995
5120;42930
5121;26742
5122;6256
5123;12406
5124;44354
5125;65227
5126;48388
5127;40366
5128;65378
5129;22932
5130;21550
5131;53596
5132;44138
5133;55529
5134;30275
5135;57019
5136;39673
5137;1160
5138;36153
5139;53786
5140;2178
5141;52282
5142;18283
5143;48603
5144;54467
5145;2738
5146;12174
5147;16139
5148;52505
5149;9027
5150;51380
5151;6871
5152;64020
5153;55443
5154;1331
5155;17036
5156;1453
5157;33507
5158;21995
5159;1644
5160;57391
5161;10547
5162;43052
5163;44698
5164;57759
5165;38893
5166;44953
5167;13099
5168;16905
5169;51416
5170;13318
5171;52816
5172;27599
5173;1253
5174;52447
5175;11815
5176;47547
5177;52264
5178;41668
5179;48609
5180;50661
5181;59740
5182;53068
5183;58204
5184;50401
5185;44688
5186;13724
5187;502
5188;40891
5189;5965
5190;26101
5191;27320
5192;18051
5193;52234
5194;63756
5195;24485
5196;7219
5197;20414
5198;31811
5199;56935
5200;19969
5201;17697
5202;27493
5203;41759
5204;716
5205;24070
5206;7732
5207;18953
5208;2158
5209;39390
5210;54126
5211;62099
5212;47704
5213;9233
5214;12837
5215;1243
5216;59364
5217;59656
5218;14778
5219;58946
5220;23274
5221;8892
5222;44943
5223;59068
5224;33799
5225;3080
5226;23324
5227;43356
5228;49235
5229;35464
5230;65120
5231;39691
5232;34935
5233;6497
5234;15341
5235;19509
5236;48597
5237;57079
5238;41812
5239;606
5240;43101
5241;64033
5242;5436
5243;57964
5244;42987
5245;63870
5246;57162
5247;64862
5248;55745
5249;40177
5250;21441
5251;35061
5252;50142
5253;541
5254;1577
5255;495
5256;52209
5257;18776
5258;60296
5259;39667
5260;23806
5261;33726
5262;38465
5263;763
5264;38589
5265;16457
5266;8244
5267;11421
5268;57362
5269;15747
5270;56562
5271;61333
5272;36105
5273;62625
5274;5472
5275;62375
5276;15232
5277;25945
5278;60667
5279;30437
5280;50610
5281;23176
5282;4087
5283;6874
5284;56546
5285;7401
5286;23273
5287;14865
5288;53306
5289;63366
5290;55599
5291;48304
5292;65419
5293;16812
5294;39206
5295;62864
5296;50385
5297;63106
5298;35823
5299;31679
5300;47375
5301;22985
5302;13872
5303;58563
5304;19086
5305;14227
5306;21263
5307;23866
5308;19368
5309;38255
5310;16187
5311;14791
5312;32448
5313;34422
5314;11920
5315;31805
5316;31210
5317;27308
5318;9239
5319;18145
5320;55156
5321;12406
5322;53936
5323;6261
5324;6790
5325;20050
5326;9892
5327;34009
5328;12534
5329;18697
5330;62733
5331;36652
5332;23818
5333;28343
5334;62880
5335;17575
5336;37564
5337;46036
5338;8144
5339;21037
5340;59134
5341;53702
5342;33117
5343;50703
5344;61989
5345;49183
5346;19789
5347;41915
5348;47168
5349;27407
5350;28876
5351;44292
5352;14479
5353;41208
5354;47798
5355;26875
5356;5898
5357;61599
5358;399
5359;38158
5360;28157
5361;45187
5362;37064
5363;17483
5364;14203
5365;49998
5366;2915
5367;1877
5368;64700
5369;18194
5370;33569
5371;56529
5372;32127
5373;42927
5374;56313
5375;45850
5376;54968
5377;32124
5378;40886
5379;32064
5380;14261
5381;30282
5382;204
5383;17079
5384;61116
5385;21878
5386;7088
5387;7939
5388;40090
5389;8843
5390;13817
5391;47599
5392;24928
5393;50721
5394;18743
5395;19976
5396;22907
5397;60065
5398;27991
5399;52650
5400;5819
5401;60747
5402;11583
5403;37198
5404;28501
5405;17965
5406;26959
5407;26312
5408;57884
5409;30310
5410;53110
5411;46247
5412;5547
5413;52387
5414;13527
5415;29486
5416;61540
5417;40604
5418;60207
5419;52400
5420;25306
5421;21769
5422;53406
5423;37307
5424;20971
5425;8918
5426;35548
5427;40442
5428;63249
5429;57929
5430;2489
5431;10785
5432;64100
5433;49737
5434;59417
5435;36834
5436;3388
5437;6686
5438;55405
5439;33584
5440;5224
5441;61113
5442;42577
5443;8078
5444;1301
5445;60076
5446;750
5447;5598
5448;13372
5449;24156
5450;10180
5451;35777
5452;19937
5453;6110
5454;61270
5455;13546
5456;40578
5457;3507
5458;3132
5459;55604
5460;32709
5461;19701
5462;64561
5463;35953
5464;46536
5465;13668
5466;24732
5467;14142
5468;5244
5469;35616
5470;51382
5471;10445
5472;565
5473;40738
5474;61150
5475;64581
5476;9628
5477;42029
5478;966
5479;28705
5480;35629
5481;23275
5482;46547
5483;55287
5484;11031
5485;34276
5486;2049
5487;19656
5488;12195
5489;12341
5490;60500
5491;64907
5492;50788
5493;64494
5494;64215
5495;9723
5496;49714
5497;16041
5498;53501
5499;10548
5500;19850
5501;16921
5502;48253
5503;22401
5504;39860
5505;31235
5506;19576
5507;48631
5508;44939
5509;8336
5510;26385
5511;43295
5512;15555
5513;36290
5514;48675
5515;9962
5516;10854
5517;23196
5518;3793
5519;52874
5520;44808
5521;9665
5522;43478
5523;38580
5524;6674
5525;22208
5526;42357
5527;61415
5528;60048
5529;43835
5530;18939
5531;25133
5532;26355
5533;56152
5534;44157
5535;44567
5536;22903
5537;51906
5538;12809
5539;34407
5540;12917
5541;49452
5542;32945
5543;27897
5544;62298
5545;43141
5546;25844
5547;29471
5548;36848
5549;48631
5550;44893
5551;15698
5552;49255
5553;57200
5554;60826
5555;2947
5556;64021
5557;52775
5558;60337
5559;2514
5560;27153
5561;34481
5562;23224
5563;6741
5564;5001
5565;43637
5566;21112
5567;17017
5568;29088
5569;58071
5570;1273
5571;46952
5572;41282
5573;563
5574;36477
5575;4233
5576;23365
5577;19934
5578;6199
5579;46998
5580;8803
5581;64249
5582;796
5583;4131
5584;48055
5585;21031
5586;7152
5587;51914
5588;60864
5589;52505
5590;38334
5591;26849
5592;5163
5593;41045
5594;49734
5595;30885
5596;61533
5597;58422
5598;3307
5599;26250
5600;38672
5601;10619
5602;5406
5603;14999
5604;60937
5605;59612
5606;3734
5607;43126
5608;25215
5609;64121
5610;327
5611;22177
5612;13277
5613;49566
5614;26402
5615;43939
5616;1629
5617;64982
5618;15146
5619;17223
5620;36573
5621;33699
5622;40536
5623;5143
5624;48871
5625;824
5626;20453
5627;43307
5628;43881
5629;9329
5630;52632
5631;64579
5632;7107
5633;65486
5634;30633
5635;60911
5636;1515
5637;10021
5638;34726
5639;18907
5640;62633
5641;1718
5642;49650
5643;60060
5644;38126
5645;46349
5646;63134
5647;43073
5648;12182
5649;26295
5650;22393
5651;29017
5652;5101
5653;55424
5654;50166
5655;25135
5656;726
5657;14506
5658;64635
5659;21203
5660;20166
5661;39309
5662;34370
5663;6145
5664;60165
5665;51740
5666;35747
5667;14869
5668;5303
5669;28543
5670;8750
5671;61543
5672;17832
5673;31591
5674;3487
5675;16998
5676;28404
5677;53034
5678;40248
5679;43480
5680;35331
5681;50995
5682;40271
5683;31534
5684;10868
5685;40882
5686;28887
5687;59672
5688;14112
5689;57285
5690;21525
5691;20690
5692;65188
5693;33406
5694;65429
5695;15003
5696;22404
5697;39648
5698;35031
5699;53325
5700;18200
5701;35810
5702;23446
5703;9095
5704;60788
5705;53931
5706;25022
5707;64194
5708;20212
5709;9348
5710;61652
5711;23498
5712;29412
5713;15746
5714;14814
5715;55765
5716;61287
5717;57310
5718;2068
5719;59639
5720;65357
5721;38873
5722;13210
5723;38445
5724;7997
5725;46887
5726;3607
5727;42935
5728;62240
5729;32016
5730;46247
5731;50560
5732;3953
5733;41834
5734;59094
5735;32371
5736;34077
5737;57595
5738;50712
5739;46459
5740;18490
5741;45691
5742;8136
5743;45039
5744;35539
5745;11182
5746;51212
5747;38646
5748;64041
5749;30425
5750;10815
5751;58759
5752;29195
5753;63512
5754;40902
5755;31367
5756;15602
5757;7874
5758;18915
5759;41923
5760;54411
5761;22807
5762;50092
5763;60481
5764;43006
5765;3066
5766;10276
5767;25066
5768;60946
5769;1425
5770;42392
5771;38145
5772;35440
5773;55413
5774;11560
5775;37169
5776;62509
5777;44552
5778;44087
5779;6976
5780;6898
5781;44363
5782;60504
5783;15752
5784;6210
5785;33683
5786;5183
5787;30920
5788;47425
5789;47298
5790;1093
5791;13533
5792;50010
5793;15238
5794;5221
5795;27016
5796;28995
5797;13314
5798;48532
5799;47185
5800;20439
5801;55753
5802;15254
5803;25507
5804;18860
5805;18719
5806;11588
5807;26468
5808;51994
5809;1168
5810;63542
5811;20218
5812;54805
5813;37039
5814;49159
5815;55199
5816;38363
5817;18541
5818;41647
5819;25009
5820;11442
5821;31170
5822;51181
5823;25734
5824;4018
5825;34621
5826;5664
5827;14240
5828;21721
5829;3279
5830;59441
5831;7920
5832;4799
5833;57006
5834;52873
5835;11163
5836;54986
5837;55799
5838;16275
5839;34461
5840;21992
5841;30998
5842;4987
5843;23419
5844;52722
5845;48303
5846;45792
5847;9208
5848;58651
5849;62720
5850;32686
5851;26350
5852;33287
5853;63499
5854;21624
5855;34180
5856;39713
5857;22924
5858;2130
5859;57798
5860;208
5861;4302
5862;53749
5863;24267
5864;42568
5865;46234
5866;50682
5867;58167
5868;23768
5869;59614
5870;65368
5871;62768
5872;20524
5873;30608
5874;28200
5875;54525
5876;755
5877;52425
5878;52569
5879;21315
5880;26081
5881;35259
5882;49525
5883;23477
5884;18677
5885;52312
5886;8617
5887;50224
5888;61439
5889;16766
5890;47542
5891;21586
5892;49093
5893;49563
5894;59702
5895;50559
5896;43153
5897;19970
5898;49592
5899;34739
5900;52383
5901;11251
5902;40323
5903;27460
5904;14782
5905;39724
5906;28409
5907;25922
5908;21319
5909;609
5910;3147
5911;28706
5912;6489
5913;4955
5914;18518
5915;48060
5916;30252
5917;8946
5918;37747
5919;54322
5920;32065
5921;23503
5922;1453
5923;4059
5924;58913
5925;28570
5926;8876
5927;533
5928;10764
5929;46252
5930;44531
5931;53222
5932;28930
5933;52005
5934;25073
5935;2810
5936;26870
5937;64612
5938;44522
5939;358
5940;49456
5941;20748
5942;56915
5943;18632
5944;62453
5945;50801
5946;17963
5947;15068
5948;30657
5949;27080
5950;54013
5951;50532
5952;50865
5953;29811
5954;39264
5955;34294
5956;54576
5957;33129
5958;25316
5959;17098
5960;36815
5961;48651
5962;27784
5963;53507
5964;54649
5965;24124
5966;5798
5967;25515
5968;44028
5969;8068
5970;52891
5971;59116
5972;53116
5973;18022
5974;43035
5975;40431
5976;7215
5977;42578
5978;44270
5979;3621
5980;11099
5981;46466
5982;63583
5983;37712
5984;63454
5985;5964
5986;49400
5987;32193
5988;7830
5989;40519
5990;24353
5991;42464
5992;6789
5993;38850
5994;50725
5995;60612
5996;51486
5997;15288
5998;20115
5999;64679
6000;48433
6001;12443
6002;60062
6003;55742
6004;63165
6005;19417
6006;10912
6007;55388
6008;7731
6009;13312
6010;36076
6011;26245
6012;42089
6013;6706
6014;28397
6015;1243
6016;30835
6017;27232
6018;38755
6019;57725
6020;41583
6021;20231
6022;37819
6023;60259
6024;37583
6025;36532
6026;8999
6027;10133
6028;40458
6029;51284
6030;18753
6031;19054
6032;59271
6033;25737
6034;15814
6035;7739
6036;2632
6037;60826
6038;34497
6039;44170
6040;45151
6041;25690
6042;60957
6043;4778
6044;61900
6045;6223
6046;40306
6047;49784
6048;22018
6049;49927
6050;60008
6051;8712
6052;11044
6053;19607
6054;42850
6055;32694
6056;13156
6057;51287
6058;10699
6059;42259
6060;49468
6061;26167
6062;32003
6063;16528
6064;50412
6065;24477
6066;59601
6067;62158
6068;14175
6069;1244
6070;38067
6071;36668
6072;48960
6073;54113
6074;21724
6075;44315
6076;38377
6077;31023
6078;32920
6079;5181
6080;31823
6081;25605
6082;26157
6083;22630
6084;50178
6085;14402
6086;39163
6087;34033
6088;63874
6089;5488
6090;59712
6091;24127
6092;31739
6093;7502
6094;63079
6095;37061
6096;17407
6097;31041
6098;48819
6099;43618
6100;2600
6101;29301
6102;18174
6103;17834
6104;45365
6105;64835
6106;60672
6107;49250
6108;30779
6109;53500
6110;54231
6111;13615
6112;60917
6113;9092
6114;50921
6115;64353
6116;346
6117;30893
6118;60667
6119;27235
6120;54317
6121;65174
6122;33144
6123;60919
6124;15560
6125;60010
6126;60742
6127;18045
6128;3891
6129;44762
6130;19027
6131;37295
6132;2902
6133;31733
6134;29800
6135;28512
6136;16794
6137;34971
6138;32517
6139;30484
6140;1279
6141;54435
6142;65286
6143;60778
6144;46569
6145;35768
6146;7147
6147;8044
6148;3917
6149;57123
6150;46105
6151;28442
6152;23397
6153;35070
6154;10912
6155;54504
6156;1746
6157;39897
6158;20622
6159;36667
6160;21908
6161;31356
6162;46888
6163;25435
6164;9584
6165;61236
6166;12482
6167;38032
6168;29490
6169;34132
6170;29485
6171;15953
6172;59003
6173;10437
6174;1371
6175;3780
6176;45069
6177;34175
6178;53242
6179;6213
6180;9462
6181;50041
6182;9269
6183;6350
6184;34169
6185;33639
6186;49700
6187;50887
6188;57444
6189;62218
6190;15722
6191;8476
6192;34201
6193;25755
6194;35031
6195;20405
6196;42376
6197;53911
6198;41246
6199;56403
6200;61707
6201;13816
6202;49467
6203;37785
6204;16584
6205;56912
6206;10949
6207;22565
6208;64021
6209;27300
6210;58532
6211;54554
6212;62819
6213;7892
6214;5893
6215;19899
6216;11366
6217;40246
6218;51061
6219;11569
6220;16351
6221;61941
6222;32116
6223;25181
6224;61830
6225;47527
6226;57062
6227;21080
6228;28592
6229;8848
6230;43735
6231;50920
6232;43910
6233;49276
6234;8636
6235;38789
6236;11077
6237;35282
6238;5196
6239;49399
6240;62501
6241;54559
6242;22404
6243;11021
6244;38273
6245;54645
6246;48585
6247;31393
6248;43080
6249;29466
6250;62342
6251;41047
6252;38894
6253;8870
6254;34978
6255;38133
6256;52086
6257;64251
6258;18440
6259;43408
6260;22747
6261;4153
6262;31176
6263;57580
6264;17037
6265;50440
6266;1468
6267;35084
6268;12663
6269;56376
6270;31701
6271;33191
6272;60438
6273;982
6274;49462
6275;391
6276;47640
6277;17494
6278;64912
6279;51921
6280;43853
6281;58909
6282;55148
6283;49122
6284;37045
6285;6759
6286;2234
6287;43668
6288;6814
6289;58870
6290;40401
6291;22088
6292;31932
6293;18663
6294;21435
6295;27964
6296;41454
6297;27607
6298;9526
6299;51183
6300;62985
6301;15626
6302;22850
6303;53452
6304;60978
6305;8789
6306;18256
6307;58764
6308;14563
6309;4630
6310;6163
6311;40326
6312;51874
6313;50327
6314;21871
6315;26081
6316;44049
6317;58109
6318;52254
6319;23532
6320;62298
6321;59724
6322;15877
6323;59375
6324;54369
6325;60060
6326;51344
6327;13904
6328;60964
6329;50510
6330;9152
6331;22903
6332;44327
6333;54067
6334;60298
6335;41394
6336;34461
6337;52885
6338;16166
6339;40000
6340;43065
6341;21679
6342;52983
6343;61174
6344;39599
6345;24762
6346;39064
6347;54421
6348;2899
6349;7457
6350;47694
6351;20491
6352;2710
6353;4753
6354;54147
6355;46895
6356;63313
6357;2596
6358;62352
6359;61976
6360;65195
6361;59369
6362;32448
6363;10763
6364;62956
6365;50953
6366;26044
6367;2799
6368;5645
6369;27919
6370;52769
6371;13342
6372;37969
6373;55072
6374;33975
6375;25946
6376;63964
6377;41597
6378;57780
6379;60942
6380;48210
6381;5206
6382;41098
6383;419
6384;38475
6385;30440
6386;12877
6387;56010
6388;63249
6389;33370
6390;64876
6391;53911
6392;45337
6393;38916
6394;6565
6395;25930
6396;35527
6397;27872
6398;58838
6399;64568
6400;38630
6401;7485
6402;19500
6403;12438
6404;47479
6405;13782
6406;12911
6407;56138
6408;42450
6409;15116
6410;34156
6411;47640
6412;74
6413;16204
6414;6327
6415;39394
6416;4927
6417;53367
6418;32486
6419;3671
6420;47834
6421;13428
6422;53018
6423;48137
6424;20249
6425;46333
6426;27315
6427;50742
6428;9854
6429;22907
6430;53984
6431;39220
6432;3457
6433;53505
6434;36922
6435;8222
6436;30359
6437;47832
6438;42454
6439;23040
6440;52741
6441;25026
6442;38541
6443;8162
6444;13163
6445;14269
6446;64150
6447;38713
6448;30199
6449;53693
6450;31761
6451;1132
6452;10198
6453;33634
6454;20678
6455;51139
6456;59776
6457;41222
6458;45502
6459;32774
6460;21794
6461;54181
6462;5503
6463;3216
6464;33115
6465;5671
6466;30171
6467;48176
6468;55395
6469;7403
6470;31604
6471;13696
6472;55760
6473;46752
6474;10828
6475;64637
6476;43687
6477;57394
6478;13610
6479;1545
6480;28936
6481;11556
6482;35976
6483;34425
6484;26294
6485;52718
6486;41378
6487;37665
6488;44114
6489;46846
6490;65220
6491;41107
6492;21135
6493;38564
6494;36515
6495;26280
6496;36981
6497;50237
6498;63288
6499;47034
6500;35257
6501;52219
6502;24870
6503;13273
6504;10206
6505;34839
6506;3277
6507;61977
6508;42191
6509;37714
6510;54684
6511;42572
6512;57833
6513;17742
6514;5088
6515;10852
6516;56303
6517;29233
6518;61918
6519;10520
6520;17228
6521;43613
6522;7909
6523;25094
6524;11121
6525;51773
6526;2654
6527;56947
6528;14807
6529;10997
6530;18097
6531;55900
6532;27156
6533;52510
6534;36207
6535;31591
6536;26321
6537;6344
6538;33037
6539;49606
6540;19900
6541;13347
6542;3662
6543;18981
6544;17499
6545;45115
6546;8448
6547;3689
6548;44201
6549;57568
6550;43605
6551;35106
6552;8325
6553;63232
6554;55041
6555;61192
6556;8046
6557;20640
6558;3042
6559;36502
6560;4924
6561;929
6562;5213
6563;53242
6564;59359
6565;10194
6566;7427
6567;16815
6568;7730
6569;45515
6570;52003
6571;3923
6572;41452
6573;56047
6574;43014
6575;28657
6576;19837
6577;55636
6578;1421
6579;3394
6580;41214
6581;2826
6582;23954
6583;44110
6584;23033
6585;31205
6586;53201
6587;23928
6588;56783
6589;48825
6590;30910
6591;2200
6592;4518
6593;26820
6594;12988
6595;32614
6596;55782
6597;64181
6598;8695
6599;65045
6600;8916
6601;56750
6602;27456
6603;24608
6604;493
6605;56986
6606;49103
6607;39449
6608;46026
6609;54287
6610;60638
6611;32201
6612;10344
6613;13483
6614;44522
6615;29876
6616;28408
6617;10996
6618;36344
6619;56021
6620;7221
6621;39018
6622;29042
6623;58402
6624;10351
6625;34989
6626;5374
6627;30042
6628;26656
6629;62843
6630;15273
6631;11376
6632;16776
6633;44060
6634;27376
6635;11621
6636;31803
6637;42786
6638;29570
6639;46577
6640;57917
6641;6530
6642;42885
6643;57393
6644;2792
6645;14880
6646;50438
6647;11305
6648;20109
6649;52079
6650;25125
6651;57826
6652;19474
6653;4715
6654;32755
6655;4234
6656;49860
6657;13914
6658;37789
6659;14209
6660;5059
6661;13133
6662;21550
6663;22421
6664;49340
6665;8654
6666;29372
6667;13202
6668;34259
6669;49703
6670;33210
6671;32800
6672;14132
6673;8553
6674;53156
6675;6425
6676;10886
6677;51855
6678;48769
6679;21353
6680;60807
6681;18166
6682;2045
6683;2302
6684;53783
6685;40272
6686;46725
6687;15
6688;7956
6689;57490
6690;57408
6691;30590
6692;37820
6693;34140
6694;44604
6695;3787
6696;49344
6697;45096
6698;4199
6699;3652
6700;53317
6701;17494
6702;56733
6703;14578
6704;64134
6705;3450
6706;21593
6707;14344
6708;31160
6709;12732
6710;49449
6711;40545
6712;18633
6713;39817
6714;64589
6715;50780
6716;5661
6717;43993
6718;43560
6719;40342
6720;13937
6721;16835
6722;41016
6723;33850
6724;1335
6725;12570
6726;42501
6727;55012
6728;6893
6729;30648
6730;63803
6731;58643
6732;49800
6733;2574
6734;47984
6735;54451
6736;42978
6737;13995
6738;43443
6739;20950
6740;31403
6741;38112
6742;22361
6743;34686
6744;50339
6745;52092
6746;38914
6747;15807
6748;14440
6749;20990
6750;17697
6751;10939
6752;43304
6753;58646
6754;50697
6755;46772
6756;32966
6757;3813
6758;52208
6759;4384
6760;15301
6761;9060
6762;11044
6763;27647
6764;23618
6765;60619
6766;63673
6767;58691
6768;19541
6769;40534
6770;22083
6771;30824
6772;14303
6773;3346
6774;60552
6775;15075
6776;24771
6777;13838
6778;22833
6779;11885
6780;8180
6781;8599
6782;46359
6783;38217
6784;39424
6785;4717
6786;35767
6787;55476
6788;45734
6789;60715
6790;33622
6791;7329
6792;38143
6793;379
6794;40213
6795;19273
6796;44249
6797;237
6798;61533
6799;21946
6800;48907
6801;5088
6802;62719
6803;56989
6804;21068
6805;52784
6806;10955
6807;36963
6808;14499
6809;13091
6810;7062
6811;41497
6812;1865
6813;17616
6814;51832
6815;11205
6816;62210
6817;46939
6818;18863
6819;59189
6820;50692
6821;9638
6822;16633
6823;62612
6824;50231
6825;51859
6826;11861
6827;1168
6828;55670
6829;8282
6830;52377
6831;61225
6832;36308
6833;34397
6834;41946
6835;26546
6836;54323
6837;40435
6838;46860
6839;23916
6840;20998
6841;18295
6842;29993
6843;45037
6844;20208
6845;10547
6846;26964
6847;46649
6848;22724
6849;62454
6850;41603
6851;13423
6852;2508
6853;6449
6854;18562
6855;48108
6856;19922
6857;19424
6858;25645
6859;60040
6860;51640
6861;30379
6862;31095
6863;3454
6864;5957
6865;56033
6866;16820
6867;47228
6868;11652
6869;2719
6870;52606
6871;40760
6872;68
6873;52765
6874;41208
6875;22746
6876;1785
6877;58930
6878;14660
6879;41866
6880;21347
6881;28687
6882;37879
6883;16168
6884;42001
6885;36657
6886;24316
6887;30335
6888;23014
6889;28163
6890;26485
6891;62543
6892;47791
6893;36411
6894;1688
6895;6748
6896;52905
6897;65422
6898;4370
6899;33021
6900;15212
6901;13798
6902;19951
6903;807
6904;126
6905;6040
6906;57437
6907;8114
6908;57442
6909;8840
6910;55031
6911;51294
6912;33049
6913;64422
6914;27711
6915;9366
6916;25796
6917;28739
6918;54906
6919;5653
6920;14108
6921;20200
6922;14446
6923;9435
6924;42290
6925;44615
6926;29053
6927;15235
6928;53970
6929;50251
6930;44490
6931;41130
6932;10092
6933;36397
6934;2959
6935;39021
6936;58924
6937;29003
6938;1448
6939;15557
6940;25028
6941;37513
6942;10413
6943;24552
6944;12632
6945;46845
6946;8664
6947;6833
6948;22658
6949;3852
6950;25146
6951;16925
6952;29084
6953;40480
6954;21943
6955;56757
6956;37374
6957;31889
6958;14309
6959;51382
6960;64111
6961;53997
6962;39544
6963;6772
6964;16945
6965;33755
6966;26170
6967;50473
6968;15799
6969;34944
6970;20661
6971;21439
6972;49560
6973;33091
6974;41577
6975;20864
6976;12205
6977;36919
6978;36110
6979;4001
6980;47912
6981;7246
6982;624
6983;60207
6984;25613
6985;19342
6986;57452
6987;15774
6988;17162
6989;11442
6990;14154
6991;19812
6992;36656
6993;42608
6994;29727
6995;2791
6996;38196
6997;41300
6998;1221
6999;43323
7000;65439
7001;8921
7002;28591
7003;6492
7004;32257
7005;9377
7006;49413
7007;55344
7008;19459
7009;37482
7010;63703
7011;53237
7012;44699
7013;47845
7014;30079
7015;39462
7016;1629
7017;56092
7018;16690
7019;21421
7020;43352
7021;49294
7022;62443
7023;53383
7024;13104
7025;62036
7026;28442
7027;2051
7028;4896
7029;8567
7030;49613
7031;48686
7032;63266
7033;12141
7034;48117
7035;39692
7036;18524
7037;41851
7038;33883
7039;21252
7040;4633
7041;7438
7042;16232
7043;52895
7044;55310
7045;29320
7046;25575
7047;31318
7048;47803
7049;7905
7050;59849
7051;39318
7052;10639
7053;11892
7054;43478
7055;45963
7056;50383
7057;13841
7058;39348
7059;18693
7060;16640
7061;34463
7062;29115
7063;37873
7064;40165
7065;63672
7066;42923
7067;41145
7068;48630
7069;60898
7070;55356
7071;33182
7072;33836
7073;50146
7074;54474
7075;17817
7076;16027
7077;55238
7078;1429
7079;45791
7080;8807
7081;62614
7082;35591
7083;19474
7084;62023
7085;39212
7086;27397
7087;62114
7088;52375
7089;53719
7090;16997
7091;41196
7092;8650
7093;48995
7094;55156
7095;49376
7096;25767
7097;22970
7098;10433
7099;46612
7100;53301
7101;11172
7102;58432
7103;49452
7104;15099
7105;5795
7106;15241
7107;41358
7108;10848
7109;40961
7110;63888
7111;41406
7112;13189
7113;38263
7114;43078
7115;48335
7116;31326
7117;49118
7118;62029
7119;21295
7120;16973
7121;54202
7122;16292
7123;17281
7124;40016
7125;8294
7126;7936
7127;6397
7128;61854
7129;38804
7130;45852
7131;32882
7132;14518
7133;35483
7134;10695
7135;26968
7136;55364
7137;60234
7138;31000
7139;9138
7140;26255
7141;15375
7142;16335
7143;54286
7144;56726
7145;6815
7146;36448
7147;21021
7148;47072
7149;6098
7150;12264
7151;33617
7152;57836
7153;19411
7154;56319
7155;48230
7156;3717
7157;15126
7158;45104
7159;3201
7160;26715
7161;13897
7162;58628
7163;31391
7164;29878
7165;44628
7166;47463
7167;9733
7168;359
7169;11964
7170;37681
7171;4361
7172;8586
7173;40760
7174;51082
7175;15069
7176;37399
7177;20888
7178;26073
7179;27288
7180;48388
7181;49485
7182;28548
7183;43944
7184;31648
7185;50432
7186;23252
7187;8474
7188;64350
7189;45354
7190;51468
7191;50810
7192;24461
7193;12901
7194;8966
7195;13827
7196;64425
7197;54525
7198;34540
7199;31807
7200;43613
7201;32429
7202;33179
7203;16312
7204;32438
7205;34423
7206;18166
7207;54093
7208;45045
7209;38594
7210;5860
7211;12798
7212;28870
7213;7746
7214;60010
7215;43218
7216;56724
7217;18648
7218;59944
7219;639
7220;2564
7221;19586
7222;27120
7223;34045
7224;35957
7225;63071
7226;27411
7227;45532
7228;29009
7229;51619
7230;44163
7231;2980
7232;38923
7233;15481
7234;23011
7235;7584
7236;25024
7237;56394
7238;1934
7239;24754
7240;46548
7241;47209
7242;63732
7243;34819
7244;52775
7245;63284
7246;19797
7247;20285
7248;29189
7249;62812
7250;7210
7251;52767
7252;15100
7253;4418
7254;47768
7255;22179
7256;12076
7257;52212
7258;53698
7259;63457
7260;12591
7261;40417
7262;62814
7263;23524
7264;62446
7265;44811
7266;35377
7267;38433
7268;6610
7269;58294
7270;57970
7271;59007
7272;29823
7273;39020
7274;49949
7275;6105
7276;47729
7277;17187
7278;41731
7279;19967
7280;32842
7281;45280
7282;27696
7283;22407
7284;39843
7285;8200
7286;1257
7287;54667
7288;53930
7289;44144
7290;34847
7291;27027
7292;14057
7293;22038
7294;63720
7295;19959
7296;7021
7297;39521
7298;46804
7299;60015
7300;46051
7301;11048
7302;64698
7303;12251
7304;2839
7305;7390
7306;39789
7307;21376
7308;56539
7309;59510
7310;36450
7311;18652
7312;48948
7313;58932
7314;17891
7315;20964
7316;43947
7317;49191
7318;14481
7319;24636
7320;50754
7321;2916
7322;35269
7323;42448
7324;3519
7325;17249
7326;44820
7327;39802
7328;51812
7329;39659
7330;30834
7331;14986
7332;59867
7333;45143
7334;19728
7335;10807
7336;60533
7337;42973
7338;8980
7339;49889
7340;48137
7341;15971
7342;5175
7343;1964
7344;15976
7345;48624
7346;31844
7347;16063
7348;53195
7349;64649
7350;51033
7351;34550
7352;51250
7353;23353
7354;10998
7355;15394
7356;21406
7357;29794
7358;31657
7359;35335
7360;15548
7361;34478
7362;58696
7363;34813
7364;21576
7365;2285
7366;27343
7367;29437
7368;22945
7369;58927
7370;65287
7371;51194
7372;43294
7373;25868
7374;54064
7375;41288
7376;201
7377;7437
7378;5285
7379;32284
7380;44793
7381;65418
7382;34681
7383;27479
7384;19131
7385;57665
7386;28837
7387;63700
7388;57679
7389;53698
7390;26308
7391;33737
7392;20261
7393;60342
7394;40851
7395;49339
7396;17767
7397;22246
7398;55113
7399;48435
7400;20509
7401;37189
7402;53768
7403;3268
7404;54164
7405;38937
7406;14104
7407;63909
7408;21793
7409;56628
7410;53054
7411;38434
7412;27057
7413;17434
7414;8968
7415;34861
7416;60757
7417;60312
7418;63330
7419;25845
7420;19869
7421;40015
7422;996
7423;1224
7424;43993
7425;20309
7426;22773
7427;22528
7428;20089
7429;59928
7430;45191
7431;38638
7432;21110
7433;44925
7434;47347
7435;3934
7436;28283
7437;26675
7438;38291
7439;8890
7440;41302
7441;35784
7442;41068
7443;33645
7444;43823
7445;4695
7446;7419
7447;4150
7448;58486
7449;43800
7450;61437
7451;19021
7452;60284
7453;34716
7454;49997
7455;20909
7456;22309
7457;17903
7458;4520
7459;47329
7460;2242
7461;64073
7462;46574
7463;63895
7464;59088
7465;51379
7466;64513
7467;22512
7468;46764
7469;57137
7470;15236
7471;63904
7472;20488
7473;47305
7474;63523
7475;41827
7476;23920
7477;10617
7478;7251
7479;28998
7480;41771
7481;13948
7482;15996
7483;34217
7484;15789
7485;3307
7486;63575
7487;18657
7488;21830
7489;33550
7490;21697
7491;16116
7492;62474
7493;48746
7494;47779
7495;13096
7496;38858
7497;14990
7498;12717
7499;26330
7500;15524
7501;42920
7502;20559
7503;41861
7504;23480
7505;52265
7506;44276
7507;30600
7508;43
7509;30171
7510;29883
7511;1428
7512;37652
7513;15123
7514;16118
7515;5433
7516;55467
7517;186
7518;16921
7519;58813
7520;33421
7521;24378
7522;25707
7523;56813
7524;52860
7525;30788
7526;32130
7527;7563
7528;20804
7529;9848
7530;4168
7531;11460
7532;41497
7533;23919
7534;33442
7535;9250
7536;46455
7537;11078
7538;1628
7539;14569
7540;34925
7541;45463
7542;44035
7543;65331
7544;37089
7545;2915
7546;27859
7547;54018
7548;44787
7549;36585
7550;24496
7551;39533
7552;9273
7553;26650
7554;37528
7555;15884
7556;22584
7557;4271
7558;14846
7559;57048
7560;24305
7561;8871
7562;26445
7563;52041
7564;32943
7565;4098
7566;6312
7567;49591
7568;26391
7569;5212
7570;61123
7571;33945
7572;50845
7573;39303
7574;58344
7575;61427
7576;49627
7577;23032
7578;49730
7579;51275
7580;661
7581;7752
7582;19726
7583;28322
7584;54213
7585;18334
7586;64779
7587;57672
7588;60749
7589;18561
7590;41788
7591;13437
7592;19951
7593;49536
7594;30151
7595;64246
7596;46112
7597;14017
7598;491
7599;40200
7600;14759
7601;45813
7602;2879
7603;14902
7604;26125
7605;42850
7606;38556
7607;24252
7608;29533
7609;46412
7610;57238
7611;24472
7612;57611
7613;62492
7614;33967
7615;15365
7616;1307
7617;8697
7618;24939
7619;26849
7620;22845
7621;9188
7622;48039
7623;15712
7624;45255
7625;29367
7626;26833
7627;14585
7628;33957
7629;30018
7630;32688
7631;24036
7632;48864
7633;1212
7634;16731
7635;13166
7636;7574
7637;32212
7638;31645
7639;39231
7640;9682
7641;58098
7642;5624
7643;60369
7644;1881
7645;28937
7646;53969
7647;8483
7648;50311
7649;62606
7650;24954
7651;5657
7652;62336
7653;41102
7654;22563
7655;34520
7656;38115
7657;60934
7658;15791
7659;36316
7660;44531
7661;53716
7662;48680
7663;45659
7664;18171
7665;56393
7666;62894
7667;6113
7668;58482
7669;21707
7670;63152
7671;29290
7672;17662
7673;43574
7674;58646
7675;58505
7676;16926
7677;59714
7678;21112
7679;18322
7680;31400
7681;3446
7682;20756
7683;33128
7684;28528
7685;25842
7686;30198
7687;25563
7688;50580
7689;34333
7690;23653
7691;23839
7692;2024
7693;58177
7694;29871
7695;30609
7696;10369
7697;63702
7698;6421
7699;24218
7700;39657
7701;28573
7702;65196
7703;61988
7704;33470
7705;57151
7706;1801
7707;9168
7708;37022
7709;9140
7710;39641
7711;19981
7712;3296
7713;23599
7714;57055
7715;12521
7716;32594
7717;29599
7718;46899
7719;59218
7720;21419
7721;10635
7722;7489
7723;26852
7724;15773
7725;34947
7726;17396
7727;44990
7728;43573
7729;54991
7730;46466
7731;29529
7732;44870
7733;13777
7734;6780
7735;51874
7736;30772
7737;48194
7738;19261
7739;7398
7740;55010
7741;28836
7742;49596
7743;16681
7744;27807
7745;17075
7746;45637
7747;58488
7748;44055
7749;24862
7750;43325
7751;3761
7752;30613
7753;42509
7754;60564
7755;60314
7756;10385
7757;50435
7758;27410
7759;17349
7760;18743
7761;64125
7762;25671
7763;5144
7764;63977
7765;38336
7766;8052
7767;20193
7768;42235
7769;29922
7770;41284
7771;34900
7772;31940
7773;15921
7774;44008
7775;12862
7776;33285
7777;64039
7778;4128
7779;36337
7780;45631
7781;17427
7782;5770
7783;33450
7784;22982
7785;599
7786;18212
7787;45409
7788;40030
7789;17796
7790;34426
7791;23085
7792;541
7793;44770
7794;21190
7795;9344
7796;37299
7797;16598
7798;13863
7799;44644
7800;65272
7801;51267
7802;26507
7803;6305
7804;13367
7805;40024
7806;56094
7807;13177
7808;39411
7809;2246
7810;34029
7811;31068
7812;45088
7813;35951
7814;26445
7815;53351
7816;51130
7817;29283
7818;24241
7819;60304
7820;58641
7821;1016
7822;57964
7823;49775
7824;15833
7825;47468
7826;50574
7827;3717
7828;38351
7829;4444
7830;47292
7831;43654
7832;8490
7833;5392
7834;14201
7835;27015
7836;56811
7837;57663
7838;14263
7839;48417
7840;16484
7841;2920
7842;25440
7843;10882
7844;1908
7845;18107
7846;56531
7847;7547
7848;55719
7849;8404
7850;4705
7851;53400
7852;17408
7853;6362
7854;14030
7855;46053
7856;25356
7857;57083
7858;20354
7859;11697
7860;53217
7861;48697
7862;57559
7863;8524
7864;8522
7865;17013
7866;28071
7867;41189
7868;33751
7869;32214
7870;5327
7871;610
7872;43265
7873;11895
7874;65110
7875;29782
7876;8637
7877;63772
7878;21733
7879;38909
7880;32085
7881;57561
7882;57695
7883;50724
7884;16577
7885;4701
7886;35628
7887;34212
7888;12630
7889;17559
7890;36581
7891;60994
7892;9915
7893;48518
7894;43255
7895;41604
7896;14228
7897;26723
7898;45402
7899;18601
7900;26410
7901;7487
7902;5103
7903;1158
7904;39428
7905;51849
7906;39652
7907;40279
7908;35270
7909;36888
7910;26526
7911;53846
7912;2615
7913;13030
7914;54332
7915;63471
7916;26187
7917;58199
7918;36736
7919;40164
7920;78
7921;3537
7922;25790
7923;26597
7924;54624
7925;44863
7926;65187
7927;24519
7928;54591
7929;43885
7930;62518
7931;11238
7932;1988
7933;24507
7934;55967
7935;37413
7936;50331
7937;2450
7938;57859
7939;36506
7940;5325
7941;64231
7942;41214
7943;9780
7944;62740
7945;48546
7946;3634
7947;46278
7948;1982
7949;1497
7950;55664
7951;42478
7952;12606
7953;53584
7954;41983
7955;19946
7956;48891
7957;58663
7958;31123
7959;27416
7960;16592
7961;3888
7962;29617
7963;10441
7964;57157
7965;58959
7966;20520
7967;8637
7968;57389
7969;15523
7970;24921
7971;44831
7972;15584
7973;41865
7974;22712
7975;21279
7976;1455
7977;15536
7978;44152
7979;14569
7980;39004
7981;62994
7982;15509
7983;38290
7984;20891
7985;14009
7986;54100
7987;56114
7988;9185
7989;42323
7990;39102
7991;51995
7992;26392
7993;10072
7994;3282
7995;25118
7996;38250
7997;21932
7998;45991
7999;12101
8000;33906
8001;38603
8002;57292
8003;41168
8004;14265
8005;31754
8006;60023
8007;2972
8008;43675
8009;30849
8010;9325
8011;39571
8012;5810
8013;3923
8014;47365
8015;23356
8016;58373
8017;54272
8018;51200
8019;13280
8020;8824
8021;62143
8022;43857
8023;2094
8024;59683
8025;64632
8026;32506
8027;56063
8028;38066
8029;57336
8030;24
8031;35097
8032;27055
8033;14004
8034;52572
8035;34337
8036;19478
8037;5370
8038;1054
8039;49728
8040;10050
8041;52571
8042;60746
8043;50591
8044;19351
8045;57104
8046;42853
8047;43199
8048;58257
8049;10995
8050;44809
8051;16419
8052;35426
8053;60264
8054;29642
8055;1479
8056;56734
8057;47494
8058;57402
8059;40849
8060;17757
8061;17465
8062;37758
8063;15033
8064;57870
8065;63596
8066;14965
8067;15951
8068;43737
8069;18712
8070;44458
8071;1455
8072;62735
8073;11102
8074;7568
8075;18226
8076;26164
8077;7520
8078;22658
8079;18109
8080;5319
8081;25241
8082;7795
8083;38422
8084;40833
8085;64951
8086;24354
8087;50054
8088;6847
8089;24094
8090;29110
8091;20964
8092;54200
8093;54603
8094;42132
8095;28632
8096;29075
8097;53577
8098;46666
8099;3439
8100;22297
8101;32718
8102;13044
8103;42560
8104;32056
8105;24559
8106;42327
8107;50674
8108;5281
8109;3101
8110;3724
8111;36242
8112;60634
8113;47842
8114;32610
8115;35238
8116;39313
8117;1912
8118;15922
8119;16876
8120;23051
8121;36312
8122;25615
8123;43431
8124;61286
8125;24933
8126;14245
8127;27786
8128;34502
8129;45275
8130;17376
8131;48241
8132;63648
8133;49745
8134;42747
8135;44611
8136;15828
8137;21984
8138;50361
8139;29311
8140;38925
8141;18150
8142;37851
8143;58834
8144;10129
8145;15342
8146;36149
8147;49068
8148;17393
8149;14795
8150;19010
8151;54371
8152;52885
8153;52625
8154;34613
8155;14233
8156;44295
8157;16306
8158;26131
8159;7865
8160;60787
8161;53934
8162;8809
8163;25311
8164;3854
8165;28528
8166;1175
8167;5324
8168;16775
8169;21849
8170;2419
8171;43719
8172;8460
8173;9481
8174;8795
8175;36934
8176;38390
8177;9373
8178;30919
8179;53840
8180;26963
8181;53248
8182;49675
8183;25604
8184;21602
8185;12358
8186;9745
8187;47199
8188;6479
8189;10560
8190;54085
8191;64942